CATEGORY,LOCATION,DATE OF PUT TO USE,PURCHASE COST,ADDITIONAL COST,SALE/WRITTEN OFF,TOTAL AS ON DATE,DEPRECIATION UPTO LAST FINANCIAL YEAR,DEPRECIATION FOR THE PERIOD,DEPRECIATION REVERSAL,TOTAL DEPRECIATION,WDV UPTO LAST FINACIAL YEAR,WDV FOR THE PERIOD,SALVAGE VALUE,LIFE - DAYS
Laptop,Head Office,4/8/2018 12:00:00 AM,134100,0,0,134100,126914.58,-2164.11,,,7185.42,136264.11,6705,1825
Laptop,Delhi 1,1/8/2019 12:00:00 AM,74964,0,0,74964,60207.86,-1209.62,,,14756.14,76173.62,3748.2,1825
Laptop,Jaipur 1,1/8/2019 12:00:00 AM,74964,0,0,74964,60207.86,-1209.62,,,14756.14,76173.62,3748.2,1825
Laptop,Gwalior,1/8/2019 12:00:00 AM,74964,0,0,74964,60207.86,-1209.62,,,14756.14,76173.62,3748.2,1825
Laptop,Head Office,1/8/2019 12:00:00 AM,92074,0,0,92074,73955.99,-1485.83,,,18118.01,93559.83,4603.7,1825
Laptop,Head Office,1/8/2019 12:00:00 AM,92074,0,0,92074,73955.99,-1485.83,,,18118.01,93559.83,4603.7,1825
Laptop,Head Office,1/8/2019 12:00:00 AM,92074,0,0,92074,73955.99,-1485.83,,,18118.01,93559.83,4603.7,1825
Laptop,Ujjain,8/1/2019 12:00:00 AM,74964,0,0,74964,52208.76,-1209.62,,,22755.24,76173.62,3748.2,1825
Laptop,Indore 1,8/1/2019 12:00:00 AM,74964,0,0,74964,52208.76,-1209.62,,,22755.24,76173.62,3748.2,1825
Laptop,Bikaner,8/1/2019 12:00:00 AM,74964,0,0,74964,52208.76,-1209.62,,,22755.24,76173.62,3748.2,1825
Laptop,Delhi 1,8/1/2019 12:00:00 AM,92074,0,0,92074,64130.34,-1485.83,,,27943.66,93559.83,4603.7,1825
Laptop,Head Office,8/1/2019 12:00:00 AM,92074,0,0,92074,64130.34,-1485.83,,,27943.66,93559.83,4603.7,1825
Laptop,Head Office,8/1/2019 12:00:00 AM,92982,0,0,92982,64759.2,-1500.4,,,28222.8,94482.4,4649.1,1825
Laptop,Head Office,8/1/2019 12:00:00 AM,92982,0,0,92982,64759.2,-1500.4,,,28222.8,94482.4,4649.1,1825
Laptop,Head Office,8/1/2019 12:00:00 AM,92074,0,0,92074,64130.34,-1485.83,,,27943.66,93559.83,4603.7,1825
Laptop,Jaipur 2,8/1/2019 12:00:00 AM,92982,0,0,92982,64759.2,-1500.4,,,28222.8,94482.4,4649.1,1825
Laptop,Head Office,8/1/2019 12:00:00 AM,92982,0,0,92982,64759.2,-1500.4,,,28222.8,94482.4,4649.1,1825
Laptop,Head Office,8/1/2019 12:00:00 AM,92982,0,0,92982,64759.2,-1500.4,,,28222.8,94482.4,4649.1,1825
Laptop,Agra 1,10/5/2019 12:00:00 AM,74964,0,0,74964,49672.46,-1209.62,,,25291.54,76173.62,3748.2,1825
Laptop,Head Office,11/14/2019 12:00:00 AM,74964,0,0,74964,48111.66,-1209.62,,,26852.34,76173.62,3748.2,1825
Laptop,Pithampur,12/23/2019 12:00:00 AM,74964,0,0,74964,46589.88,-1209.62,,,28374.12,76173.62,3748.2,1825
Laptop,Jaipur 1,12/26/2019 12:00:00 AM,74964,0,0,74964,46472.82,-1209.62,,,28491.18,76173.62,3748.2,1825
Laptop,Lucknow,12/26/2019 12:00:00 AM,74964,0,0,74964,46472.82,-1209.62,,,28491.18,76173.62,3748.2,1825
Laptop,Lucknow,12/26/2019 12:00:00 AM,74964,0,0,74964,46472.82,-1209.62,,,28491.18,76173.62,3748.2,1825
Laptop,Head Office,12/26/2019 12:00:00 AM,74964,0,0,74964,46472.82,-1209.62,,,28491.18,76173.62,3748.2,1825
Laptop,Head Office,12/26/2019 12:00:00 AM,74964,0,0,74964,46472.82,-1209.62,,,28491.18,76173.62,3748.2,1825
Laptop,Head Office,4/4/2020 12:00:00 AM,92074,0,0,92074,52291.63,-1485.83,,,39782.37,93559.83,4603.7,1825
Laptop,Bikaner,6/8/2020 12:00:00 AM,96897,0,0,96897,51751.44,-1563.64,,,45145.56,98460.64,4844.85,1825
Laptop,Head Office,7/14/2020 12:00:00 AM,97188,0,0,97188,50084.1,-1568.29,,,47103.9,98756.29,4859.4,1825
Laptop,Head Office,7/14/2020 12:00:00 AM,97188,0,0,97188,50084.1,-1568.29,,,47103.9,98756.29,4859.4,1825
Laptop,Head Office,7/14/2020 12:00:00 AM,97188,0,0,97188,50084.1,-1568.29,,,47103.9,98756.29,4859.4,1825
Laptop,Head Office,7/14/2020 12:00:00 AM,97188,0,0,97188,50084.1,-1568.29,,,47103.9,98756.29,4859.4,1825
Laptop,Head Office,7/14/2020 12:00:00 AM,97188,0,0,97188,50084.1,-1568.29,,,47103.9,98756.29,4859.4,1825
Laptop,Head Office,10/28/2020 12:00:00 AM,98458,0,0,98458,45305,-1588.75,,,53153,100046.75,4922.9,1825
Laptop,Head Office,10/28/2020 12:00:00 AM,98458,0,0,98458,45305,-1588.75,,,53153,100046.75,4922.9,1825
Laptop,Delhi 2,11/12/2020 12:00:00 AM,98458,0,0,98458,44536.25,-1588.75,,,53921.75,100046.75,4922.9,1825
Laptop,Head Office,11/12/2020 12:00:00 AM,98458,0,0,98458,44536.25,-1588.75,,,53921.75,100046.75,4922.9,1825
Laptop,Indore 1,11/13/2020 12:00:00 AM,98458,0,0,98458,44485,-1588.75,,,53973,100046.75,4922.9,1825
Laptop,Head Office,12/7/2020 12:00:00 AM,190452,0,0,190452,83674.16,-3073.34,,,106777.84,193525.34,9522.6,1825
Laptop,Head Office,5/16/2018 12:00:00 AM,96655,0,0,96655,89551.8,-1559.61,,,7103.2,98214.61,4832.75,1825
Laptop,Head Office,1/30/2021 12:00:00 AM,97147,0,0,97147,39950.3,-1567.67,,,57196.7,98714.67,4857.35,1825
Laptop,Head Office,1/30/2021 12:00:00 AM,97147,0,0,97147,39950.3,-1567.67,,,57196.7,98714.67,4857.35,1825
Laptop,Head Office,1/30/2021 12:00:00 AM,97147,0,0,97147,39950.3,-1567.67,,,57196.7,98714.67,4857.35,1825
Laptop,Jaipur 1,2/11/2021 12:00:00 AM,98458,0,0,98458,39872.5,-1588.75,,,58585.5,100046.75,4922.9,1825
Laptop,Bhilwara,2/11/2021 12:00:00 AM,98458,0,0,98458,39872.5,-1588.75,,,58585.5,100046.75,4922.9,1825
Laptop,Indore 1,2/11/2021 12:00:00 AM,98458,0,0,98458,39872.5,-1588.75,,,58585.5,100046.75,4922.9,1825
Laptop,Kota,2/11/2021 12:00:00 AM,98458,0,0,98458,39872.5,-1588.75,,,58585.5,100046.75,4922.9,1825
Laptop,Delhi,2/11/2021 12:00:00 AM,98458,0,0,98458,39872.5,-1588.75,,,58585.5,100046.75,4922.9,1825
Laptop,Bundi,2/11/2021 12:00:00 AM,98458,0,0,98458,39872.5,-1588.75,,,58585.5,100046.75,4922.9,1825
Laptop,Agra 1,2/11/2021 12:00:00 AM,98458,0,0,98458,39872.5,-1588.75,,,58585.5,100046.75,4922.9,1825
Laptop,Delhi 2,2/11/2021 12:00:00 AM,98458,0,0,98458,39872.5,-1588.75,,,58585.5,100046.75,4922.9,1825
Laptop,Agra 2,2/11/2021 12:00:00 AM,98458,0,0,98458,39872.5,-1588.75,,,58585.5,100046.75,4922.9,1825
Laptop,Jaipur,2/11/2021 12:00:00 AM,98458,0,0,98458,39872.5,-1588.75,,,58585.5,100046.75,4922.9,1825
Laptop,Indore 1,2/11/2021 12:00:00 AM,98458,0,0,98458,39872.5,-1588.75,,,58585.5,100046.75,4922.9,1825
Laptop,Nagpur,2/11/2021 12:00:00 AM,98458,0,0,98458,39872.5,-1588.75,,,58585.5,100046.75,4922.9,1825
Laptop,Head Office,2/11/2021 12:00:00 AM,98458,0,0,98458,39872.5,-1588.75,,,58585.5,100046.75,4922.9,1825
Laptop,Head Office,2/11/2021 12:00:00 AM,98458,0,0,98458,39872.5,-1588.75,,,58585.5,100046.75,4922.9,1825
Laptop,Pithampur,7/13/2021 12:00:00 AM,97393,0,0,97393,31738.2,-1571.7,,,65654.8,98964.7,4869.65,1825
Laptop,Ujjain,7/13/2021 12:00:00 AM,96273,0,0,96273,31368.86,-1553.41,,,64904.14,97826.41,4813.65,1825
Laptop,Varanasi,7/13/2021 12:00:00 AM,96273,0,0,96273,31368.86,-1553.41,,,64904.14,97826.41,4813.65,1825
Laptop,Mandsaur,7/13/2021 12:00:00 AM,97393,0,0,97393,31738.2,-1571.7,,,65654.8,98964.7,4869.65,1825
Laptop,Nagpur,7/13/2021 12:00:00 AM,97393,0,0,97393,31738.2,-1571.7,,,65654.8,98964.7,4869.65,1825
Laptop,Jaipur 1,7/13/2021 12:00:00 AM,96273,0,0,96273,31368.86,-1553.41,,,64904.14,97826.41,4813.65,1825
Laptop,Indore 2,7/13/2021 12:00:00 AM,96273,0,0,96273,31368.86,-1553.41,,,64904.14,97826.41,4813.65,1825
Laptop,Head Office,7/13/2021 12:00:00 AM,97393,0,0,97393,31738.2,-1571.7,,,65654.8,98964.7,4869.65,1825
Laptop,Head Office,7/13/2021 12:00:00 AM,96273,0,0,96273,31368.86,-1553.41,,,64904.14,97826.41,4813.65,1825
Laptop,Head Office,7/13/2021 12:00:00 AM,96273,909,0,97182,31399.88,-1567.98,,,65782.12,98749.98,4859.1,1825
Laptop,Head Office,1/11/2023 12:00:00 AM,191160,0,0,191160,7861.29,-3084.81,,,183298.71,194244.81,9558,1825
Laptop,Head Office,7/13/2021 12:00:00 AM,96273,0,0,96273,31368.86,-1553.41,,,64904.14,97826.41,4813.65,1825
Laptop,Head Office,7/13/2021 12:00:00 AM,96273,0,0,96273,31368.86,-1553.41,,,64904.14,97826.41,4813.65,1825
Laptop,Head Office,7/13/2021 12:00:00 AM,96273,0,0,96273,31368.86,-1553.41,,,64904.14,97826.41,4813.65,1825
Laptop,Kanpur,7/14/2021 12:00:00 AM,96273,0,0,96273,31318.75,-1553.41,,,64954.25,97826.41,4813.65,1825
Laptop,Jodhpur,7/14/2021 12:00:00 AM,97393,0,0,97393,31687.5,-1571.7,,,65705.5,98964.7,4869.65,1825
Laptop,Delhi 1,7/14/2021 12:00:00 AM,97393,0,0,97393,31687.5,-1571.7,,,65705.5,98964.7,4869.65,1825
Laptop,Chhindwara,7/14/2021 12:00:00 AM,96273,0,0,96273,31318.75,-1553.41,,,64954.25,97826.41,4813.65,1825
Laptop,BARAN,7/14/2021 12:00:00 AM,96273,0,0,96273,31318.75,-1553.41,,,64954.25,97826.41,4813.65,1825
Laptop,Gorakhpur,7/14/2021 12:00:00 AM,96273,0,0,96273,31318.75,-1553.41,,,64954.25,97826.41,4813.65,1825
Laptop,Agra 1,7/14/2021 12:00:00 AM,96273,0,0,96273,31318.75,-1553.41,,,64954.25,97826.41,4813.65,1825
Laptop,Rewari,7/14/2021 12:00:00 AM,96273,0,0,96273,31318.75,-1553.41,,,64954.25,97826.41,4813.65,1825
Laptop,Agra 1,7/14/2021 12:00:00 AM,96273,0,0,96273,31318.75,-1553.41,,,64954.25,97826.41,4813.65,1825
Laptop,Nagpur,7/14/2021 12:00:00 AM,96273,0,0,96273,31318.75,-1553.41,,,64954.25,97826.41,4813.65,1825
Laptop,Indore 2,7/14/2021 12:00:00 AM,96273,0,0,96273,31318.75,-1553.41,,,64954.25,97826.41,4813.65,1825
Laptop,Indore 2,7/14/2021 12:00:00 AM,96273,0,0,96273,31318.75,-1553.41,,,64954.25,97826.41,4813.65,1825
Laptop,Chittorgarh,7/14/2021 12:00:00 AM,96273,0,0,96273,31318.75,-1553.41,,,64954.25,97826.41,4813.65,1825
Laptop,Head Office,7/14/2021 12:00:00 AM,97393,0,0,97393,31687.5,-1571.7,,,65705.5,98964.7,4869.65,1825
Laptop,Head Office,7/14/2021 12:00:00 AM,96273,0,0,96273,31318.75,-1553.41,,,64954.25,97826.41,4813.65,1825
Laptop,Head Office,7/14/2021 12:00:00 AM,97393,0,0,97393,31687.5,-1571.7,,,65705.5,98964.7,4869.65,1825
Laptop,Head Office,12/22/2021 12:00:00 AM,97146,0,0,97146,23464.48,-1567.67,,,73681.52,98713.67,4857.3,1825
Laptop,Jaipur 1,12/31/2021 12:00:00 AM,96609,0,0,96609,22881.95,-1558.99,,,73727.05,98167.99,4830.45,1825
Laptop,Beawar,12/31/2021 12:00:00 AM,96609,0,0,96609,22881.95,-1558.99,,,73727.05,98167.99,4830.45,1825
Laptop,Gwalior,12/31/2021 12:00:00 AM,96609,0,0,96609,22881.95,-1558.99,,,73727.05,98167.99,4830.45,1825
Laptop,Bikaner,12/31/2021 12:00:00 AM,96609,0,0,96609,22881.95,-1558.99,,,73727.05,98167.99,4830.45,1825
Laptop,Ujjain,12/31/2021 12:00:00 AM,96609,0,0,96609,22881.95,-1558.99,,,73727.05,98167.99,4830.45,1825
Laptop,Hanumangarh,12/31/2021 12:00:00 AM,96609,0,0,96609,22881.95,-1558.99,,,73727.05,98167.99,4830.45,1825
Laptop,Agra 1,12/31/2021 12:00:00 AM,96609,0,0,96609,22881.95,-1558.99,,,73727.05,98167.99,4830.45,1825
Laptop,Dewas,12/31/2021 12:00:00 AM,96609,0,0,96609,22881.95,-1558.99,,,73727.05,98167.99,4830.45,1825
Laptop,Chittorgarh,12/31/2021 12:00:00 AM,96609,0,0,96609,22881.95,-1558.99,,,73727.05,98167.99,4830.45,1825
Laptop,Kanpur,12/31/2021 12:00:00 AM,96609,0,0,96609,22881.95,-1558.99,,,73727.05,98167.99,4830.45,1825
Laptop,Bikaner,12/31/2021 12:00:00 AM,96609,0,0,96609,22881.95,-1558.99,,,73727.05,98167.99,4830.45,1825
Laptop,Agra 2,12/31/2021 12:00:00 AM,96609,0,0,96609,22881.95,-1558.99,,,73727.05,98167.99,4830.45,1825
Laptop,Delhi 2,12/31/2021 12:00:00 AM,96609,0,0,96609,22881.95,-1558.99,,,73727.05,98167.99,4830.45,1825
Laptop,Head Office,12/31/2021 12:00:00 AM,96609,0,0,96609,22881.95,-1558.99,,,73727.05,98167.99,4830.45,1825
Laptop,Head Office,12/31/2021 12:00:00 AM,96609,0,0,96609,22881.95,-1558.99,,,73727.05,98167.99,4830.45,1825
Laptop,Head Office,12/31/2021 12:00:00 AM,96609,0,0,96609,22881.95,-1558.99,,,73727.05,98167.99,4830.45,1825
Laptop,Head Office,12/31/2021 12:00:00 AM,96609,0,0,96609,22881.95,-1558.99,,,73727.05,98167.99,4830.45,1825
Laptop,Head Office,12/31/2021 12:00:00 AM,96609,0,0,96609,22881.95,-1558.99,,,73727.05,98167.99,4830.45,1825
Laptop,Head Office,12/31/2021 12:00:00 AM,96609,0,0,96609,22881.95,-1558.99,,,73727.05,98167.99,4830.45,1825
Laptop,Head Office,12/31/2021 12:00:00 AM,96609,0,0,96609,22881.95,-1558.99,,,73727.05,98167.99,4830.45,1825
Laptop,Head Office,1/4/2022 12:00:00 AM,96623,0,0,96623,22685.3,-1559.3,,,73937.7,98182.3,4831.15,1825
Laptop,Head Office,1/4/2022 12:00:00 AM,96623,0,0,96623,22685.3,-1559.3,,,73937.7,98182.3,4831.15,1825
Laptop,Head Office,1/4/2022 12:00:00 AM,96623,0,0,96623,22685.3,-1559.3,,,73937.7,98182.3,4831.15,1825
Laptop,Head Office,1/4/2022 12:00:00 AM,96623,0,0,96623,22685.3,-1559.3,,,73937.7,98182.3,4831.15,1825
Laptop,Head Office,1/4/2022 12:00:00 AM,96623,0,0,96623,22685.3,-1559.3,,,73937.7,98182.3,4831.15,1825
Laptop,Rajsamand,1/7/2022 12:00:00 AM,96609,0,0,96609,22529.92,-1558.99,,,74079.08,98167.99,4830.45,1825
Laptop,Indore 1,1/7/2022 12:00:00 AM,96609,0,0,96609,22529.92,-1558.99,,,74079.08,98167.99,4830.45,1825
Laptop,Kanpur,1/7/2022 12:00:00 AM,96609,0,0,96609,22529.92,-1558.99,,,74079.08,98167.99,4830.45,1825
Laptop,Indore 1,1/7/2022 12:00:00 AM,96609,0,0,96609,22529.92,-1558.99,,,74079.08,98167.99,4830.45,1825
Laptop,Indore 1,1/7/2022 12:00:00 AM,96609,0,0,96609,22529.92,-1558.99,,,74079.08,98167.99,4830.45,1825
Laptop,Indore,1/7/2022 12:00:00 AM,96609,0,0,96609,22529.92,-1558.99,,,74079.08,98167.99,4830.45,1825
Laptop,Bhilwara,1/7/2022 12:00:00 AM,96609,0,0,96609,22529.92,-1558.99,,,74079.08,98167.99,4830.45,1825
Laptop,Bhilwara,1/7/2022 12:00:00 AM,96609,0,0,96609,22529.92,-1558.99,,,74079.08,98167.99,4830.45,1825
Laptop,Ahmedabad,1/7/2022 12:00:00 AM,96609,0,0,96609,22529.92,-1558.99,,,74079.08,98167.99,4830.45,1825
Laptop,Indore 1,1/7/2022 12:00:00 AM,96609,0,0,96609,22529.92,-1558.99,,,74079.08,98167.99,4830.45,1825
Laptop,Delhi 1,1/7/2022 12:00:00 AM,96609,0,0,96609,22529.92,-1558.99,,,74079.08,98167.99,4830.45,1825
Laptop,Head Office,1/7/2022 12:00:00 AM,96609,0,0,96609,22529.92,-1558.99,,,74079.08,98167.99,4830.45,1825
Laptop,Head Office,1/7/2022 12:00:00 AM,96609,0,0,96609,22529.92,-1558.99,,,74079.08,98167.99,4830.45,1825
Laptop,Head Office,1/7/2022 12:00:00 AM,96609,0,0,96609,22529.92,-1558.99,,,74079.08,98167.99,4830.45,1825
Laptop,Head Office,1/7/2022 12:00:00 AM,96609,0,0,96609,22529.92,-1558.99,,,74079.08,98167.99,4830.45,1825
Laptop,Head Office,1/7/2022 12:00:00 AM,96609,0,0,96609,22529.92,-1558.99,,,74079.08,98167.99,4830.45,1825
Laptop,Head Office,1/7/2022 12:00:00 AM,96609,0,0,96609,22529.92,-1558.99,,,74079.08,98167.99,4830.45,1825
Laptop,Head Office,1/7/2022 12:00:00 AM,96609,0,0,96609,22529.92,-1558.99,,,74079.08,98167.99,4830.45,1825
Laptop,Head Office,1/7/2022 12:00:00 AM,96609,0,0,96609,22529.92,-1558.99,,,74079.08,98167.99,4830.45,1825
Laptop,Head Office,1/7/2022 12:00:00 AM,96609,0,0,96609,22529.92,-1558.99,,,74079.08,98167.99,4830.45,1825
Laptop,Indore 2,1/28/2022 12:00:00 AM,111872,0,0,111872,24864.21,-1805.13,,,87007.79,113677.13,5593.6,1825
Laptop,Patna,5/11/2022 12:00:00 AM,101834,0,0,101834,17175.24,-1643.31,,,84658.76,103477.31,5091.7,1825
Laptop,Mathura,5/11/2022 12:00:00 AM,101834,0,0,101834,17175.24,-1643.31,,,84658.76,103477.31,5091.7,1825
Laptop,Kanpur,5/11/2022 12:00:00 AM,101834,0,0,101834,17175.24,-1643.31,,,84658.76,103477.31,5091.7,1825
Laptop,Ratlam,5/11/2022 12:00:00 AM,101834,0,0,101834,17175.24,-1643.31,,,84658.76,103477.31,5091.7,1825
Laptop,Bhilwara,5/11/2022 12:00:00 AM,101834,0,0,101834,17175.24,-1643.31,,,84658.76,103477.31,5091.7,1825
Laptop,Nagpur,5/11/2022 12:00:00 AM,101834,0,0,101834,17175.24,-1643.31,,,84658.76,103477.31,5091.7,1825
Laptop,Lucknow,5/11/2022 12:00:00 AM,101834,0,0,101834,17175.24,-1643.31,,,84658.76,103477.31,5091.7,1825
Laptop,Dewas,5/11/2022 12:00:00 AM,101834,0,0,101834,17175.24,-1643.31,,,84658.76,103477.31,5091.7,1825
Laptop,Jaipur 2,5/11/2022 12:00:00 AM,101834,0,0,101834,17175.24,-1643.31,,,84658.76,103477.31,5091.7,1825
Laptop,Ahmedabad,5/11/2022 12:00:00 AM,101834,0,0,101834,17175.24,-1643.31,,,84658.76,103477.31,5091.7,1825
Laptop,Ujjain,5/11/2022 12:00:00 AM,101834,0,0,101834,17175.24,-1643.31,,,84658.76,103477.31,5091.7,1825
Laptop,Kanpur,5/11/2022 12:00:00 AM,101834,0,0,101834,17175.24,-1643.31,,,84658.76,103477.31,5091.7,1825
Laptop,Gwalior,5/11/2022 12:00:00 AM,101834,0,0,101834,17175.24,-1643.31,,,84658.76,103477.31,5091.7,1825
Laptop,Ujjain,5/11/2022 12:00:00 AM,101834,0,0,101834,17175.24,-1643.31,,,84658.76,103477.31,5091.7,1825
Laptop,Agra 1,5/11/2022 12:00:00 AM,101834,0,0,101834,17175.24,-1643.31,,,84658.76,103477.31,5091.7,1825
Laptop,Head Office,5/11/2022 12:00:00 AM,101834,0,0,101834,17175.24,-1643.31,,,84658.76,103477.31,5091.7,1825
Laptop,Head Office,5/11/2022 12:00:00 AM,101834,0,0,101834,17175.24,-1643.31,,,84658.76,103477.31,5091.7,1825
Laptop,Head Office,5/11/2022 12:00:00 AM,101834,0,0,101834,17175.24,-1643.31,,,84658.76,103477.31,5091.7,1825
Laptop,Head Office,5/11/2022 12:00:00 AM,101834,0,0,101834,17175.24,-1643.31,,,84658.76,103477.31,5091.7,1825
Laptop,Head Office,5/11/2022 12:00:00 AM,101834,0,0,101834,17175.24,-1643.31,,,84658.76,103477.31,5091.7,1825
Laptop,Ujjain,5/23/2022 12:00:00 AM,101834,0,0,101834,16539.12,-1643.31,,,85294.88,103477.31,5091.7,1825
Laptop,Pithampur,5/23/2022 12:00:00 AM,101834,0,0,101834,16539.12,-1643.31,,,85294.88,103477.31,5091.7,1825
Laptop,Agra 1,5/23/2022 12:00:00 AM,101834,0,0,101834,16539.12,-1643.31,,,85294.88,103477.31,5091.7,1825
Laptop,Ahmedabad,5/23/2022 12:00:00 AM,101834,0,0,101834,16539.12,-1643.31,,,85294.88,103477.31,5091.7,1825
Laptop,Delhi 1,5/23/2022 12:00:00 AM,101834,0,0,101834,16539.12,-1643.31,,,85294.88,103477.31,5091.7,1825
Laptop,Delhi 3,5/23/2022 12:00:00 AM,101834,0,0,101834,16539.12,-1643.31,,,85294.88,103477.31,5091.7,1825
Laptop,Mathura,5/23/2022 12:00:00 AM,101834,0,0,101834,16539.12,-1643.31,,,85294.88,103477.31,5091.7,1825
Laptop,Delhi 2,5/23/2022 12:00:00 AM,101834,0,0,101834,16539.12,-1643.31,,,85294.88,103477.31,5091.7,1825
Laptop,Delhi 3,5/23/2022 12:00:00 AM,101834,0,0,101834,16539.12,-1643.31,,,85294.88,103477.31,5091.7,1825
Laptop,Head Office,5/23/2022 12:00:00 AM,101834,0,0,101834,16539.12,-1643.31,,,85294.88,103477.31,5091.7,1825
Laptop,Head Office,5/23/2022 12:00:00 AM,101834,0,0,101834,16539.12,-1643.31,,,85294.88,103477.31,5091.7,1825
Laptop,Head Office,5/23/2022 12:00:00 AM,101834,0,0,101834,16539.12,-1643.31,,,85294.88,103477.31,5091.7,1825
Laptop,Head Office,5/23/2022 12:00:00 AM,101834,0,0,101834,16539.12,-1643.31,,,85294.88,103477.31,5091.7,1825
Laptop,Head Office,5/23/2022 12:00:00 AM,101834,0,0,101834,16539.12,-1643.31,,,85294.88,103477.31,5091.7,1825
Laptop,Head Office,5/23/2022 12:00:00 AM,101834,0,0,101834,16539.12,-1643.31,,,85294.88,103477.31,5091.7,1825
Laptop,Head Office,5/23/2022 12:00:00 AM,101834,0,0,101834,16539.12,-1643.31,,,85294.88,103477.31,5091.7,1825
Laptop,Head Office,5/23/2022 12:00:00 AM,101834,0,0,101834,16539.12,-1643.31,,,85294.88,103477.31,5091.7,1825
Laptop,Head Office,5/23/2022 12:00:00 AM,101834,0,0,101834,16539.12,-1643.31,,,85294.88,103477.31,5091.7,1825
Laptop,Head Office,5/31/2022 12:00:00 AM,101716,0,0,101716,16096.8,-1641.45,,,85619.2,103357.45,5085.8,1825
Laptop,Head Office,5/31/2022 12:00:00 AM,101716,0,0,101716,16096.8,-1641.45,,,85619.2,103357.45,5085.8,1825
Laptop,Head Office,5/31/2022 12:00:00 AM,101716,0,0,101716,16096.8,-1641.45,,,85619.2,103357.45,5085.8,1825
Laptop,Head Office,5/31/2022 12:00:00 AM,101716,0,0,101716,16096.8,-1641.45,,,85619.2,103357.45,5085.8,1825
Laptop,Jaipur 2,5/31/2022 12:00:00 AM,101716,0,0,101716,16096.8,-1641.45,,,85619.2,103357.45,5085.8,1825
Laptop,Bikaner,8/17/2022 12:00:00 AM,102430,0,0,102430,12050.32,-1652.92,,,90379.68,104082.92,5121.5,1825
Laptop,Delhi 2,8/17/2022 12:00:00 AM,102430,0,0,102430,12050.32,-1652.92,,,90379.68,104082.92,5121.5,1825
Laptop,Sikar,8/17/2022 12:00:00 AM,102430,0,0,102430,12050.32,-1652.92,,,90379.68,104082.92,5121.5,1825
Laptop,Head Office,8/17/2022 12:00:00 AM,102430,0,0,102430,12050.32,-1652.92,,,90379.68,104082.92,5121.5,1825
Laptop,Head Office,8/17/2022 12:00:00 AM,102430,0,0,102430,12050.32,-1652.92,,,90379.68,104082.92,5121.5,1825
Laptop,Aligarh,8/17/2022 12:00:00 AM,102430,0,0,102430,12050.32,-1652.92,,,90379.68,104082.92,5121.5,1825
Laptop,Head Office,8/17/2022 12:00:00 AM,102430,0,0,102430,12050.32,-1652.92,,,90379.68,104082.92,5121.5,1825
Laptop,Ahmedabad,8/17/2022 12:00:00 AM,102430,0,0,102430,12050.32,-1652.92,,,90379.68,104082.92,5121.5,1825
Laptop,Khandwa,8/17/2022 12:00:00 AM,102430,0,0,102430,12050.32,-1652.92,,,90379.68,104082.92,5121.5,1825
Laptop,Delhi 1,8/17/2022 12:00:00 AM,102430,0,0,102430,12050.32,-1652.92,,,90379.68,104082.92,5121.5,1825
Laptop,Ahmedabad,8/17/2022 12:00:00 AM,102430,0,0,102430,12050.32,-1652.92,,,90379.68,104082.92,5121.5,1825
Laptop,Palanpur,8/17/2022 12:00:00 AM,102430,0,0,102430,12050.32,-1652.92,,,90379.68,104082.92,5121.5,1825
Laptop,Jaipur 2,8/17/2022 12:00:00 AM,102430,0,0,102430,12050.32,-1652.92,,,90379.68,104082.92,5121.5,1825
Laptop,Ujjain,8/17/2022 12:00:00 AM,102430,0,0,102430,12050.32,-1652.92,,,90379.68,104082.92,5121.5,1825
Laptop,Indore 1,8/17/2022 12:00:00 AM,102430,0,0,102430,12050.32,-1652.92,,,90379.68,104082.92,5121.5,1825
Laptop,Chhindwara,8/17/2022 12:00:00 AM,102430,0,0,102430,12050.32,-1652.92,,,90379.68,104082.92,5121.5,1825
Laptop,Jhalawar,8/17/2022 12:00:00 AM,102430,0,0,102430,12050.32,-1652.92,,,90379.68,104082.92,5121.5,1825
Laptop,Nagpur,8/17/2022 12:00:00 AM,102430,0,0,102430,12050.32,-1652.92,,,90379.68,104082.92,5121.5,1825
Laptop,BARAN,8/17/2022 12:00:00 AM,102430,0,0,102430,12050.32,-1652.92,,,90379.68,104082.92,5121.5,1825
Laptop,Head Office,8/17/2022 12:00:00 AM,102430,909,0,103339,12082.75,-1667.49,,,91256.25,105006.49,5166.95,1825
Laptop,Head Office,1/11/2023 12:00:00 AM,191160,0,0,191160,7861.29,-3084.81,,,183298.71,194244.81,9558,1825
Laptop,Pune,9/21/2022 12:00:00 AM,102430,0,0,102430,10184.12,-1652.92,,,92245.88,104082.92,5121.5,1825
Laptop,Head Office,9/21/2022 12:00:00 AM,102430,0,0,102430,10184.12,-1652.92,,,92245.88,104082.92,5121.5,1825
Laptop,Head Office,9/21/2022 12:00:00 AM,102430,0,0,102430,10184.12,-1652.92,,,92245.88,104082.92,5121.5,1825
Laptop,Jaipur 1,9/21/2022 12:00:00 AM,102430,0,0,102430,10184.12,-1652.92,,,92245.88,104082.92,5121.5,1825
Laptop,Hanumangarh,9/21/2022 12:00:00 AM,102430,0,0,102430,10184.12,-1652.92,,,92245.88,104082.92,5121.5,1825
Laptop,Delhi 1,9/21/2022 12:00:00 AM,102430,0,0,102430,10184.12,-1652.92,,,92245.88,104082.92,5121.5,1825
Laptop,Agra 2,9/21/2022 12:00:00 AM,102430,0,0,102430,10184.12,-1652.92,,,92245.88,104082.92,5121.5,1825
Laptop,Bundi,9/21/2022 12:00:00 AM,102430,0,0,102430,10184.12,-1652.92,,,92245.88,104082.92,5121.5,1825
Laptop,Khargone,9/21/2022 12:00:00 AM,102430,0,0,102430,10184.12,-1652.92,,,92245.88,104082.92,5121.5,1825
Laptop,Head Office,9/21/2022 12:00:00 AM,102430,0,0,102430,10184.12,-1652.92,,,92245.88,104082.92,5121.5,1825
Laptop,Mathura,9/21/2022 12:00:00 AM,102430,0,0,102430,10184.12,-1652.92,,,92245.88,104082.92,5121.5,1825
Laptop,Beawar,9/21/2022 12:00:00 AM,102430,0,0,102430,10184.12,-1652.92,,,92245.88,104082.92,5121.5,1825
Laptop,Bikaner,9/21/2022 12:00:00 AM,102430,0,0,102430,10184.12,-1652.92,,,92245.88,104082.92,5121.5,1825
Laptop,Head Office,9/21/2022 12:00:00 AM,102430,0,0,102430,10184.12,-1652.92,,,92245.88,104082.92,5121.5,1825
Laptop,Head Office,9/21/2022 12:00:00 AM,102430,0,0,102430,10184.12,-1652.92,,,92245.88,104082.92,5121.5,1825
Laptop,Himmatnagar,9/21/2022 12:00:00 AM,102430,0,0,102430,10184.12,-1652.92,,,92245.88,104082.92,5121.5,1825
Laptop,Pune,9/21/2022 12:00:00 AM,102430,0,0,102430,10184.12,-1652.92,,,92245.88,104082.92,5121.5,1825
Laptop,Aligarh,9/21/2022 12:00:00 AM,102430,0,0,102430,10184.12,-1652.92,,,92245.88,104082.92,5121.5,1825
Laptop,Bhopal,9/21/2022 12:00:00 AM,102430,0,0,102430,10184.12,-1652.92,,,92245.88,104082.92,5121.5,1825
Laptop,Bhopal,9/21/2022 12:00:00 AM,102430,0,0,102430,10184.12,-1652.92,,,92245.88,104082.92,5121.5,1825
Laptop,Head Office,10/17/2022 12:00:00 AM,187384,0,0,187384,16094.1,-3023.74,,,171289.9,190407.74,9369.2,1825
Laptop,Kota,11/15/2022 12:00:00 AM,104076,0,0,104076,7368.48,-1679.58,,,96707.52,105755.58,5203.8,1825
Laptop,Head Office,11/15/2022 12:00:00 AM,104076,0,0,104076,7368.48,-1679.58,,,96707.52,105755.58,5203.8,1825
Laptop,Delhi 2,11/15/2022 12:00:00 AM,104076,0,0,104076,7368.48,-1679.58,,,96707.52,105755.58,5203.8,1825
Laptop,Head Office,11/15/2022 12:00:00 AM,104076,0,0,104076,7368.48,-1679.58,,,96707.52,105755.58,5203.8,1825
Laptop,Beawar,11/15/2022 12:00:00 AM,104076,0,0,104076,7368.48,-1679.58,,,96707.52,105755.58,5203.8,1825
Laptop,Head Office,11/15/2022 12:00:00 AM,104076,0,0,104076,7368.48,-1679.58,,,96707.52,105755.58,5203.8,1825
Laptop,Head Office,11/15/2022 12:00:00 AM,104076,0,0,104076,7368.48,-1679.58,,,96707.52,105755.58,5203.8,1825
Laptop,Head Office,11/15/2022 12:00:00 AM,104076,0,0,104076,7368.48,-1679.58,,,96707.52,105755.58,5203.8,1825
Laptop,Head Office,11/15/2022 12:00:00 AM,104076,0,0,104076,7368.48,-1679.58,,,96707.52,105755.58,5203.8,1825
Laptop,Chittorgarh,11/15/2022 12:00:00 AM,104076,0,0,104076,7368.48,-1679.58,,,96707.52,105755.58,5203.8,1825
Laptop,BARAN,11/15/2022 12:00:00 AM,104076,0,0,104076,7368.48,-1679.58,,,96707.52,105755.58,5203.8,1825
Laptop,Indore 2,11/15/2022 12:00:00 AM,104076,0,0,104076,7368.48,-1679.58,,,96707.52,105755.58,5203.8,1825
Laptop,Delhi 3,11/15/2022 12:00:00 AM,104076,0,0,104076,7368.48,-1679.58,,,96707.52,105755.58,5203.8,1825
Laptop,Head Office,11/15/2022 12:00:00 AM,104076,0,0,104076,7368.48,-1679.58,,,96707.52,105755.58,5203.8,1825
Laptop,Kanpur,11/15/2022 12:00:00 AM,104076,0,0,104076,7368.48,-1679.58,,,96707.52,105755.58,5203.8,1825
Laptop,Head Office,11/15/2022 12:00:00 AM,104076,0,0,104076,7368.48,-1679.58,,,96707.52,105755.58,5203.8,1825
Laptop,Moradabad,11/15/2022 12:00:00 AM,104076,0,0,104076,7368.48,-1679.58,,,96707.52,105755.58,5203.8,1825
Laptop,Lucknow,11/15/2022 12:00:00 AM,104076,0,0,104076,7368.48,-1679.58,,,96707.52,105755.58,5203.8,1825
Laptop,Head Office,11/15/2022 12:00:00 AM,104076,0,0,104076,7368.48,-1679.58,,,96707.52,105755.58,5203.8,1825
Laptop,Lucknow,11/15/2022 12:00:00 AM,104076,0,0,104076,7368.48,-1679.58,,,96707.52,105755.58,5203.8,1825
Laptop,Kota,12/1/2022 12:00:00 AM,104076,0,0,104076,6501.6,-1679.58,,,97574.4,105755.58,5203.8,1825
Laptop,Kota,12/1/2022 12:00:00 AM,104076,0,0,104076,6501.6,-1679.58,,,97574.4,105755.58,5203.8,1825
Laptop,Pune,12/1/2022 12:00:00 AM,104076,0,0,104076,6501.6,-1679.58,,,97574.4,105755.58,5203.8,1825
Laptop,Pune,12/1/2022 12:00:00 AM,104076,0,0,104076,6501.6,-1679.58,,,97574.4,105755.58,5203.8,1825
Laptop,Head Office,12/1/2022 12:00:00 AM,104076,0,0,104076,6501.6,-1679.58,,,97574.4,105755.58,5203.8,1825
Laptop,Udaipur,12/1/2022 12:00:00 AM,104076,0,0,104076,6501.6,-1679.58,,,97574.4,105755.58,5203.8,1825
Laptop,Head Office,12/1/2022 12:00:00 AM,104076,0,0,104076,6501.6,-1679.58,,,97574.4,105755.58,5203.8,1825
Laptop,Head Office,12/1/2022 12:00:00 AM,104076,0,0,104076,6501.6,-1679.58,,,97574.4,105755.58,5203.8,1825
Laptop,Lucknow,12/1/2022 12:00:00 AM,104076,0,0,104076,6501.6,-1679.58,,,97574.4,105755.58,5203.8,1825
Laptop,Indore 2,12/1/2022 12:00:00 AM,104076,0,0,104076,6501.6,-1679.58,,,97574.4,105755.58,5203.8,1825
Laptop,Lucknow,12/1/2022 12:00:00 AM,104076,825,0,104901,6534.28,-1692.91,,,98366.72,106593.91,5245.05,1825
Laptop,Head Office,12/1/2022 12:00:00 AM,104076,0,0,104076,6501.6,-1679.58,,,97574.4,105755.58,5203.8,1825
Laptop,Bahadurgarh,12/1/2022 12:00:00 AM,104076,0,0,104076,6501.6,-1679.58,,,97574.4,105755.58,5203.8,1825
Laptop,Agra 1,12/1/2022 12:00:00 AM,104076,950,0,105026,6532.47,-1694.77,,,98493.53,106720.77,5251.3,1825
Laptop,Head Office,12/1/2022 12:00:00 AM,104076,0,0,104076,6501.6,-1679.58,,,97574.4,105755.58,5203.8,1825
Laptop,Delhi 2,12/1/2022 12:00:00 AM,104076,0,0,104076,6501.6,-1679.58,,,97574.4,105755.58,5203.8,1825
Laptop,Head Office,12/1/2022 12:00:00 AM,104076,0,0,104076,6501.6,-1679.58,,,97574.4,105755.58,5203.8,1825
Laptop,Head Office,12/1/2022 12:00:00 AM,104076,0,0,104076,6501.6,-1679.58,,,97574.4,105755.58,5203.8,1825
Laptop,Head Office,12/1/2022 12:00:00 AM,104076,909,0,104985,6532.62,-1694.15,,,98452.38,106679.15,5249.25,1825
Laptop,Head Office,12/1/2022 12:00:00 AM,104076,909,0,104985,6534.03,-1694.15,,,98450.97,106679.15,5249.25,1825
Laptop,Head Office,12/6/2022 12:00:00 AM,104076,0,0,104076,6230.7,-1679.58,,,97845.3,105755.58,5203.8,1825
Laptop,Head Office,12/6/2022 12:00:00 AM,104076,0,0,104076,6230.7,-1679.58,,,97845.3,105755.58,5203.8,1825
Laptop,Bhandara,12/6/2022 12:00:00 AM,104076,0,0,104076,6230.7,-1679.58,,,97845.3,105755.58,5203.8,1825
Laptop,Bikaner,12/6/2022 12:00:00 AM,104076,0,0,104076,6230.7,-1679.58,,,97845.3,105755.58,5203.8,1825
Laptop,Head Office,12/6/2022 12:00:00 AM,104076,909,0,104985,6277.23,-1694.15,,,98707.77,106679.15,5249.25,1825
Laptop,Head Office,12/6/2022 12:00:00 AM,104076,909,0,104985,6261.72,-1694.15,,,98723.28,106679.15,5249.25,1825
Laptop,Bahadurgarh,12/6/2022 12:00:00 AM,104076,0,0,104076,6230.7,-1679.58,,,97845.3,105755.58,5203.8,1825
Laptop,Mandsaur,12/6/2022 12:00:00 AM,104076,0,0,104076,6230.7,-1679.58,,,97845.3,105755.58,5203.8,1825
Laptop,Head Office,12/6/2022 12:00:00 AM,104076,0,0,104076,6230.7,-1679.58,,,97845.3,105755.58,5203.8,1825
Laptop,Sikar,12/6/2022 12:00:00 AM,104076,0,0,104076,6230.7,-1679.58,,,97845.3,105755.58,5203.8,1825
Laptop,Head Office,12/6/2022 12:00:00 AM,104076,0,0,104076,6230.7,-1679.58,,,97845.3,105755.58,5203.8,1825
Laptop,Head Office,12/6/2022 12:00:00 AM,104076,0,0,104076,6230.7,-1679.58,,,97845.3,105755.58,5203.8,1825
Laptop,Head Office,12/6/2022 12:00:00 AM,104076,0,0,104076,6230.7,-1679.58,,,97845.3,105755.58,5203.8,1825
Laptop,Head Office,12/6/2022 12:00:00 AM,104076,0,0,104076,6230.7,-1679.58,,,97845.3,105755.58,5203.8,1825
Laptop,Head Office,12/6/2022 12:00:00 AM,104076,0,0,104076,6230.7,-1679.58,,,97845.3,105755.58,5203.8,1825
Laptop,Head Office,12/6/2022 12:00:00 AM,104076,0,0,104076,6230.7,-1679.58,,,97845.3,105755.58,5203.8,1825
Laptop,Head Office,12/6/2022 12:00:00 AM,104076,0,0,104076,6230.7,-1679.58,,,97845.3,105755.58,5203.8,1825
Laptop,Head Office,12/6/2022 12:00:00 AM,104076,0,0,104076,6230.7,-1679.58,,,97845.3,105755.58,5203.8,1825
Laptop,Head Office,12/6/2022 12:00:00 AM,104076,0,0,104076,6230.7,-1679.58,,,97845.3,105755.58,5203.8,1825
Laptop,Head Office,12/6/2022 12:00:00 AM,104076,0,0,104076,6230.7,-1679.58,,,97845.3,105755.58,5203.8,1825
Laptop,Head Office,12/6/2022 12:00:00 AM,104076,0,0,104076,6230.7,-1679.58,,,97845.3,105755.58,5203.8,1825
Laptop,Head Office,12/6/2022 12:00:00 AM,104076,0,0,104076,6230.7,-1679.58,,,97845.3,105755.58,5203.8,1825
Laptop,Head Office,12/6/2022 12:00:00 AM,104076,0,0,104076,6230.7,-1679.58,,,97845.3,105755.58,5203.8,1825
Laptop,Head Office,12/6/2022 12:00:00 AM,104076,0,0,104076,6230.7,-1679.58,,,97845.3,105755.58,5203.8,1825
Laptop,Head Office,12/6/2022 12:00:00 AM,104076,0,0,104076,6230.7,-1679.58,,,97845.3,105755.58,5203.8,1825
Desktop,Ujjain,9/12/2015 12:00:00 AM,28500,0,0,28500,68180.61,-766.63,,,-39680.61,29266.63,1425,1095
Desktop,Jaipur 1,9/30/2015 12:00:00 AM,35175,0,0,35175,83594.28,-946.12,,,-48419.28,36121.12,1758.75,1095
Desktop,Jaipur,9/30/2015 12:00:00 AM,35175,0,0,35175,83594.28,-946.12,,,-48419.28,36121.12,1758.75,1095
Desktop,Indore 1,10/13/2015 12:00:00 AM,35200,0,0,35200,83252.04,-946.74,,,-48052.04,36146.74,1760,1095
Desktop,Indore 1,10/13/2015 12:00:00 AM,35200,0,0,35200,83252.04,-946.74,,,-48052.04,36146.74,1760,1095
Desktop,Kota,11/23/2015 12:00:00 AM,33450,0,0,33450,77918.7,-899.62,,,-44468.7,34349.62,1672.5,1095
Desktop,Kota,11/23/2015 12:00:00 AM,33450,0,0,33450,77918.7,-899.62,,,-44468.7,34349.62,1672.5,1095
Desktop,Head Office,1/9/2016 12:00:00 AM,35820,0,0,35820,81989.04,-963.48,,,-46169.04,36783.48,1791,1095
Desktop,Delhi 2,9/3/2016 12:00:00 AM,34965,0,0,34965,72792,-940.23,,,-37827,35905.23,1748.25,1095
Desktop,Delhi 2,9/3/2016 12:00:00 AM,34965,0,0,34965,72792,-940.23,,,-37827,35905.23,1748.25,1095
Desktop,Dewas,9/3/2016 12:00:00 AM,34965,0,0,34965,72792,-940.23,,,-37827,35905.23,1748.25,1095
Desktop,Dewas,9/3/2016 12:00:00 AM,34965,0,0,34965,72792,-940.23,,,-37827,35905.23,1748.25,1095
Desktop,Chittorgarh,9/7/2016 12:00:00 AM,32259,0,0,32259,67064.04,-867.69,,,-34805.04,33126.69,1612.95,1095
Desktop,Chittorgarh,9/7/2016 12:00:00 AM,32259,0,0,32259,67064.04,-867.69,,,-34805.04,33126.69,1612.95,1095
Desktop,Bhilwara,9/7/2016 12:00:00 AM,32259,0,0,32259,67064.04,-867.69,,,-34805.04,33126.69,1612.95,1095
Desktop,Bhilwara,9/7/2016 12:00:00 AM,32259,0,0,32259,67064.04,-867.69,,,-34805.04,33126.69,1612.95,1095
Desktop,Ujjain,9/12/2016 12:00:00 AM,28500,0,0,28500,59129.43,-766.63,,,-30629.43,29266.63,1425,1095
Desktop,Pithampur,9/20/2016 12:00:00 AM,34965,0,0,34965,72276.39,-940.23,,,-37311.39,35905.23,1748.25,1095
Desktop,Gwalior,9/20/2016 12:00:00 AM,34965,0,0,34965,72276.39,-940.23,,,-37311.39,35905.23,1748.25,1095
Desktop,Gwalior,9/20/2016 12:00:00 AM,34965,0,0,34965,72276.39,-940.23,,,-37311.39,35905.23,1748.25,1095
Desktop,Agra 1,9/20/2016 12:00:00 AM,34965,0,0,34965,72276.39,-940.23,,,-37311.39,35905.23,1748.25,1095
Desktop,Agra 2,9/20/2016 12:00:00 AM,34965,0,0,34965,72276.39,-940.23,,,-37311.39,35905.23,1748.25,1095
Desktop,Pithampur,9/21/2016 12:00:00 AM,34965,0,0,34965,72246.06,-940.23,,,-37281.06,35905.23,1748.25,1095
Desktop,Pithampur,9/21/2016 12:00:00 AM,34965,0,0,34965,72246.06,-940.23,,,-37281.06,35905.23,1748.25,1095
Desktop,Bikaner,9/21/2016 12:00:00 AM,34965,0,0,34965,72246.06,-940.23,,,-37281.06,35905.23,1748.25,1095
Desktop,Bikaner,9/21/2016 12:00:00 AM,34965,0,0,34965,72246.06,-940.23,,,-37281.06,35905.23,1748.25,1095
Desktop,Nagpur,9/28/2016 12:00:00 AM,34965,0,0,34965,72033.75,-940.23,,,-37068.75,35905.23,1748.25,1095
Desktop,Nagpur,9/28/2016 12:00:00 AM,34965,0,0,34965,72033.75,-940.23,,,-37068.75,35905.23,1748.25,1095
Desktop,Patna,10/8/2016 12:00:00 AM,34965,0,0,34965,71730.45,-940.23,,,-36765.45,35905.23,1748.25,1095
Desktop,Head Office,10/8/2016 12:00:00 AM,34965,0,0,34965,71730.45,-940.23,,,-36765.45,35905.23,1748.25,1095
Desktop,Nagpur,12/16/2016 12:00:00 AM,34965,0,0,34965,69637.68,-940.23,,,-34672.68,35905.23,1748.25,1095
Desktop,Delhi 1,3/24/2017 12:00:00 AM,36015,0,0,36015,68687.5,-968.75,,,-32672.5,36983.75,1800.75,1095
Desktop,Indore 2,4/21/2017 12:00:00 AM,36015,0,0,36015,67812.5,-968.75,,,-31797.5,36983.75,1800.75,1095
Desktop,Patna,5/5/2017 12:00:00 AM,35200,0,0,35200,65844.24,-946.74,,,-30644.24,36146.74,1760,1095
Desktop,Kota,5/5/2017 12:00:00 AM,35200,0,0,35200,65844.24,-946.74,,,-30644.24,36146.74,1760,1095
Desktop,Pali,5/5/2017 12:00:00 AM,35200,0,0,35200,65844.24,-946.74,,,-30644.24,36146.74,1760,1095
Desktop,Pali,5/5/2017 12:00:00 AM,35200,0,0,35200,65844.24,-946.74,,,-30644.24,36146.74,1760,1095
Desktop,Beawar,5/11/2017 12:00:00 AM,35200,0,0,35200,65661,-946.74,,,-30461,36146.74,1760,1095
Desktop,Beawar,5/11/2017 12:00:00 AM,35200,0,0,35200,65661,-946.74,,,-30461,36146.74,1760,1095
Desktop,Jhalawar,5/11/2017 12:00:00 AM,35200,0,0,35200,65661,-946.74,,,-30461,36146.74,1760,1095
Desktop,Mathura,5/31/2017 12:00:00 AM,35200,0,0,35200,65050.2,-946.74,,,-29850.2,36146.74,1760,1095
Desktop,Mathura,5/31/2017 12:00:00 AM,35200,0,0,35200,65050.2,-946.74,,,-29850.2,36146.74,1760,1095
Desktop,Lucknow,5/31/2017 12:00:00 AM,35200,0,0,35200,65050.2,-946.74,,,-29850.2,36146.74,1760,1095
Desktop,Lucknow,5/31/2017 12:00:00 AM,35200,0,0,35200,65050.2,-946.74,,,-29850.2,36146.74,1760,1095
Desktop,Kanpur,6/19/2017 12:00:00 AM,34700,0,0,34700,63562.21,-933.41,,,-28862.21,35633.41,1735,1095
Desktop,Kanpur,6/19/2017 12:00:00 AM,34700,0,0,34700,63562.21,-933.41,,,-28862.21,35633.41,1735,1095
Desktop,Ujjain,10/24/2017 12:00:00 AM,30255,0,0,30255,52080,-813.75,,,-21825,31068.75,1512.75,1095
Desktop,Indore 1,10/24/2017 12:00:00 AM,30255,0,0,30255,52080,-813.75,,,-21825,31068.75,1512.75,1095
Desktop,Delhi 1,11/3/2017 12:00:00 AM,30255,0,0,30255,51817.5,-813.75,,,-21562.5,31068.75,1512.75,1095
Desktop,Indore 1,11/3/2017 12:00:00 AM,30255,0,0,30255,51817.5,-813.75,,,-21562.5,31068.75,1512.75,1095
Desktop,Agra 2,12/15/2017 12:00:00 AM,30255,0,0,30255,50715,-813.75,,,-20460,31068.75,1512.75,1095
Desktop,Mathura,12/15/2017 12:00:00 AM,30255,0,0,30255,50715,-813.75,,,-20460,31068.75,1512.75,1095
Desktop,Ujjain,1/18/2018 12:00:00 AM,30255,0,0,30255,49822.5,-813.75,,,-19567.5,31068.75,1512.75,1095
Desktop,Jaipur 1,1/18/2018 12:00:00 AM,30255,0,0,30255,49822.5,-813.75,,,-19567.5,31068.75,1512.75,1095
Desktop,Bhilwara,1/22/2018 12:00:00 AM,30254,0,0,30254,49717.5,-813.75,,,-19463.5,31067.75,1512.7,1095
Desktop,Indore 2,2/16/2018 12:00:00 AM,30255,0,0,30255,49061.25,-813.75,,,-18806.25,31068.75,1512.75,1095
Desktop,Indore 2,2/16/2018 12:00:00 AM,30255,0,0,30255,49061.25,-813.75,,,-18806.25,31068.75,1512.75,1095
Desktop,Jaipur 2,6/8/2018 12:00:00 AM,31945,0,0,31945,48686.47,-859.01,,,-16741.47,32804.01,1597.25,1095
Desktop,Bundi,6/8/2018 12:00:00 AM,31945,0,0,31945,48686.47,-859.01,,,-16741.47,32804.01,1597.25,1095
Desktop,Jhalawar,6/22/2018 12:00:00 AM,31945,0,0,31945,48298.53,-859.01,,,-16353.53,32804.01,1597.25,1095
Desktop,Beawar,6/29/2018 12:00:00 AM,31945,0,0,31945,48104.56,-859.01,,,-16159.56,32804.01,1597.25,1095
Desktop,Kota,7/7/2018 12:00:00 AM,32479,0,0,32479,48695.04,-873.58,,,-16216.04,33352.58,1623.95,1095
Desktop,Head Office,7/24/2018 12:00:00 AM,32479,0,0,32479,48215.98,-873.58,,,-15736.98,33352.58,1623.95,1095
Desktop,Delhi 2,8/10/2018 12:00:00 AM,36500,0,0,36500,53648.98,-981.77,,,-17148.98,37481.77,1825,1095
Desktop,Gwalior,10/6/2018 12:00:00 AM,32479,0,0,32479,46130.66,-873.58,,,-13651.66,33352.58,1623.95,1095
Desktop,Ahmedabad,11/30/2018 12:00:00 AM,32657,0,0,32657,44818.06,-878.23,,,-12161.06,33535.23,1632.85,1095
Desktop,Ahmedabad,11/30/2018 12:00:00 AM,32657,0,0,32657,44818.06,-878.23,,,-12161.06,33535.23,1632.85,1095
Desktop,Agra 1,12/27/2018 12:00:00 AM,32657,0,0,32657,44053.15,-878.23,,,-11396.15,33535.23,1632.85,1095
Desktop,Kanpur,12/27/2018 12:00:00 AM,32657,0,0,32657,44053.15,-878.23,,,-11396.15,33535.23,1632.85,1095
Desktop,Bundi,12/27/2018 12:00:00 AM,32657,0,0,32657,44053.15,-878.23,,,-11396.15,33535.23,1632.85,1095
Desktop,Jhalawar,12/27/2018 12:00:00 AM,32657,0,0,32657,44053.15,-878.23,,,-11396.15,33535.23,1632.85,1095
Desktop,Jhalawar,5/10/2019 12:00:00 AM,32657,0,0,32657,40256.93,-878.23,,,-7599.93,33535.23,1632.85,1095
Desktop,Delhi,5/18/2019 12:00:00 AM,36700,0,0,36700,44989.92,-987.04,,,-8289.92,37687.04,1835,1095
Desktop,Delhi 3,5/18/2019 12:00:00 AM,36700,0,0,36700,44989.92,-987.04,,,-8289.92,37687.04,1835,1095
Desktop,Mathura,5/18/2019 12:00:00 AM,32657,0,0,32657,40030.29,-878.23,,,-7373.29,33535.23,1632.85,1095
Desktop,Dewas,7/26/2019 12:00:00 AM,55218,0,0,55218,64391.04,-1485.21,,,-9173.04,56703.21,2760.9,1095
Desktop,Ratlam,7/26/2019 12:00:00 AM,55218,0,0,55218,64391.04,-1485.21,,,-9173.04,56703.21,2760.9,1095
Desktop,Nagpur,7/26/2019 12:00:00 AM,55218,0,0,55218,64391.04,-1485.21,,,-9173.04,56703.21,2760.9,1095
Desktop,Nagpur,7/26/2019 12:00:00 AM,55218,0,0,55218,64391.04,-1485.21,,,-9173.04,56703.21,2760.9,1095
Desktop,Agra 1,7/26/2019 12:00:00 AM,55218,0,0,55218,64391.04,-1485.21,,,-9173.04,56703.21,2760.9,1095
Desktop,Chittorgarh,7/26/2019 12:00:00 AM,55218,0,0,55218,64391.04,-1485.21,,,-9173.04,56703.21,2760.9,1095
Desktop,Chittorgarh,7/26/2019 12:00:00 AM,55218,0,0,55218,64391.04,-1485.21,,,-9173.04,56703.21,2760.9,1095
Desktop,Bhilwara,7/26/2019 12:00:00 AM,55218,0,0,55218,64391.04,-1485.21,,,-9173.04,56703.21,2760.9,1095
Desktop,Jhalawar,7/26/2019 12:00:00 AM,55218,0,0,55218,64391.04,-1485.21,,,-9173.04,56703.21,2760.9,1095
Desktop,Head Office,7/26/2019 12:00:00 AM,55218,0,0,55218,64391.04,-1485.21,,,-9173.04,56703.21,2760.9,1095
Desktop,Head Office,7/26/2019 12:00:00 AM,55218,0,0,55218,64391.04,-1485.21,,,-9173.04,56703.21,2760.9,1095
Desktop,Head Office,7/26/2019 12:00:00 AM,55218,0,0,55218,64391.04,-1485.21,,,-9173.04,56703.21,2760.9,1095
Desktop,Indore 1,12/13/2019 12:00:00 AM,55218,0,0,55218,57683.64,-1485.21,,,-2465.64,56703.21,2760.9,1095
Desktop,Indore 1,12/13/2019 12:00:00 AM,55218,0,0,55218,57683.64,-1485.21,,,-2465.64,56703.21,2760.9,1095
Desktop,Ratlam,12/13/2019 12:00:00 AM,55218,0,0,55218,57683.64,-1485.21,,,-2465.64,56703.21,2760.9,1095
Desktop,Nagpur,12/13/2019 12:00:00 AM,55218,0,0,55218,57683.64,-1485.21,,,-2465.64,56703.21,2760.9,1095
Desktop,Kanpur,12/13/2019 12:00:00 AM,55218,0,0,55218,57683.64,-1485.21,,,-2465.64,56703.21,2760.9,1095
Desktop,Rewari,7/3/2021 12:00:00 AM,61830,0,0,61830,34115.04,-1662.84,,,27714.96,63492.84,3091.5,1095
Desktop,Rewari,7/3/2021 12:00:00 AM,61830,0,0,61830,34115.04,-1662.84,,,27714.96,63492.84,3091.5,1095
Desktop,Indore 1,7/3/2021 12:00:00 AM,61830,0,0,61830,34115.04,-1662.84,,,27714.96,63492.84,3091.5,1095
Desktop,Chhindwara,7/3/2021 12:00:00 AM,61830,0,0,61830,34115.04,-1662.84,,,27714.96,63492.84,3091.5,1095
Desktop,Chhindwara,7/3/2021 12:00:00 AM,61830,0,0,61830,34115.04,-1662.84,,,27714.96,63492.84,3091.5,1095
Desktop,Mandsaur,7/3/2021 12:00:00 AM,61830,0,0,61830,34115.04,-1662.84,,,27714.96,63492.84,3091.5,1095
Desktop,Mandsaur,7/3/2021 12:00:00 AM,61830,0,0,61830,34115.04,-1662.84,,,27714.96,63492.84,3091.5,1095
Desktop,Patna,7/3/2021 12:00:00 AM,61830,0,0,61830,34115.04,-1662.84,,,27714.96,63492.84,3091.5,1095
Desktop,Gorakhpur,7/3/2021 12:00:00 AM,61830,0,0,61830,34115.04,-1662.84,,,27714.96,63492.84,3091.5,1095
Desktop,Gorakhpur,7/3/2021 12:00:00 AM,61830,0,0,61830,34115.04,-1662.84,,,27714.96,63492.84,3091.5,1095
Desktop,Varanasi,7/3/2021 12:00:00 AM,61830,0,0,61830,34115.04,-1662.84,,,27714.96,63492.84,3091.5,1095
Desktop,Varanasi,7/3/2021 12:00:00 AM,61830,0,0,61830,34115.04,-1662.84,,,27714.96,63492.84,3091.5,1095
Desktop,Pali,7/3/2021 12:00:00 AM,61830,0,0,61830,34115.04,-1662.84,,,27714.96,63492.84,3091.5,1095
Desktop,Hanumangarh,7/3/2021 12:00:00 AM,61830,0,0,61830,34115.04,-1662.84,,,27714.96,63492.84,3091.5,1095
Desktop,Hanumangarh,7/3/2021 12:00:00 AM,61830,0,0,61830,34115.04,-1662.84,,,27714.96,63492.84,3091.5,1095
Desktop,BARAN,7/3/2021 12:00:00 AM,61830,0,0,61830,34115.04,-1662.84,,,27714.96,63492.84,3091.5,1095
Desktop,BARAN,7/3/2021 12:00:00 AM,61830,0,0,61830,34115.04,-1662.84,,,27714.96,63492.84,3091.5,1095
Desktop,Rajsamand,7/3/2021 12:00:00 AM,61830,0,0,61830,34115.04,-1662.84,,,27714.96,63492.84,3091.5,1095
Desktop,Rajsamand,7/3/2021 12:00:00 AM,61830,0,0,61830,34115.04,-1662.84,,,27714.96,63492.84,3091.5,1095
Desktop,Delhi 1,1/4/2022 12:00:00 AM,66307,0,0,66307,25946.03,-1783.43,,,40360.97,68090.43,3315.35,1095
Desktop,Delhi 2,1/4/2022 12:00:00 AM,66307,0,0,66307,25946.03,-1783.43,,,40360.97,68090.43,3315.35,1095
Desktop,Delhi 3,1/4/2022 12:00:00 AM,66307,0,0,66307,25946.03,-1783.43,,,40360.97,68090.43,3315.35,1095
Desktop,Indore 2,1/4/2022 12:00:00 AM,66307,0,0,66307,25946.03,-1783.43,,,40360.97,68090.43,3315.35,1095
Desktop,Dewas,1/4/2022 12:00:00 AM,66307,0,0,66307,25946.03,-1783.43,,,40360.97,68090.43,3315.35,1095
Desktop,Ahmedabad,1/4/2022 12:00:00 AM,66307,0,0,66307,25946.03,-1783.43,,,40360.97,68090.43,3315.35,1095
Desktop,Patna,1/4/2022 12:00:00 AM,66307,0,0,66307,25946.03,-1783.43,,,40360.97,68090.43,3315.35,1095
Desktop,Agra 1,1/4/2022 12:00:00 AM,66307,0,0,66307,25946.03,-1783.43,,,40360.97,68090.43,3315.35,1095
Desktop,Agra 2,1/4/2022 12:00:00 AM,66307,0,0,66307,25946.03,-1783.43,,,40360.97,68090.43,3315.35,1095
Desktop,Lucknow,1/4/2022 12:00:00 AM,66307,0,0,66307,25946.03,-1783.43,,,40360.97,68090.43,3315.35,1095
Desktop,Kota,1/4/2022 12:00:00 AM,66307,0,0,66307,25946.03,-1783.43,,,40360.97,68090.43,3315.35,1095
Desktop,Bhilwara,1/4/2022 12:00:00 AM,66307,0,0,66307,25946.03,-1783.43,,,40360.97,68090.43,3315.35,1095
Desktop,Bikaner,1/4/2022 12:00:00 AM,66307,0,0,66307,25946.03,-1783.43,,,40360.97,68090.43,3315.35,1095
Desktop,Beawar,1/4/2022 12:00:00 AM,66307,0,0,66307,25946.03,-1783.43,,,40360.97,68090.43,3315.35,1095
Desktop,Rewari,1/6/2022 12:00:00 AM,66307,0,0,66307,25830.97,-1783.43,,,40476.03,68090.43,3315.35,1095
Desktop,Pithampur,1/6/2022 12:00:00 AM,66307,0,0,66307,25830.97,-1783.43,,,40476.03,68090.43,3315.35,1095
Desktop,Ratlam,1/6/2022 12:00:00 AM,66307,0,0,66307,25830.97,-1783.43,,,40476.03,68090.43,3315.35,1095
Desktop,Mandsaur,1/6/2022 12:00:00 AM,66307,0,0,66307,25830.97,-1783.43,,,40476.03,68090.43,3315.35,1095
Desktop,Nagpur,1/6/2022 12:00:00 AM,66307,0,0,66307,25830.97,-1783.43,,,40476.03,68090.43,3315.35,1095
Desktop,Mathura,1/6/2022 12:00:00 AM,66307,0,0,66307,25830.97,-1783.43,,,40476.03,68090.43,3315.35,1095
Desktop,Kanpur,1/6/2022 12:00:00 AM,66307,0,0,66307,25830.97,-1783.43,,,40476.03,68090.43,3315.35,1095
Desktop,Gorakhpur,1/6/2022 12:00:00 AM,66307,0,0,66307,25830.97,-1783.43,,,40476.03,68090.43,3315.35,1095
Desktop,Varanasi,1/6/2022 12:00:00 AM,66307,0,0,66307,25830.97,-1783.43,,,40476.03,68090.43,3315.35,1095
Desktop,Jaipur 2,1/6/2022 12:00:00 AM,66307,0,0,66307,25830.97,-1783.43,,,40476.03,68090.43,3315.35,1095
Desktop,Chittorgarh,1/6/2022 12:00:00 AM,66307,0,0,66307,25830.97,-1783.43,,,40476.03,68090.43,3315.35,1095
Desktop,Pali,1/6/2022 12:00:00 AM,66307,0,0,66307,25830.97,-1783.43,,,40476.03,68090.43,3315.35,1095
Desktop,Bundi,1/6/2022 12:00:00 AM,66307,0,0,66307,25830.97,-1783.43,,,40476.03,68090.43,3315.35,1095
Desktop,Jhalawar,1/6/2022 12:00:00 AM,66307,0,0,66307,25830.97,-1783.43,,,40476.03,68090.43,3315.35,1095
Desktop,Hanumangarh,1/6/2022 12:00:00 AM,66307,0,0,66307,25830.97,-1783.43,,,40476.03,68090.43,3315.35,1095
Desktop,BARAN,1/6/2022 12:00:00 AM,66307,0,0,66307,25830.97,-1783.43,,,40476.03,68090.43,3315.35,1095
Desktop,Rajsamand,1/6/2022 12:00:00 AM,66307,0,0,66307,25830.97,-1783.43,,,40476.03,68090.43,3315.35,1095
Desktop,Delhi 1,1/7/2022 12:00:00 AM,66307,0,0,66307,25773.44,-1783.43,,,40533.56,68090.43,3315.35,1095
Desktop,Delhi 1,1/7/2022 12:00:00 AM,66307,0,0,66307,25773.44,-1783.43,,,40533.56,68090.43,3315.35,1095
Desktop,Delhi 2,1/7/2022 12:00:00 AM,66307,0,0,66307,25773.44,-1783.43,,,40533.56,68090.43,3315.35,1095
Desktop,Delhi 2,1/7/2022 12:00:00 AM,66307,0,0,66307,25773.44,-1783.43,,,40533.56,68090.43,3315.35,1095
Desktop,Delhi 3,1/7/2022 12:00:00 AM,66307,0,0,66307,25773.44,-1783.43,,,40533.56,68090.43,3315.35,1095
Desktop,Delhi 3,1/7/2022 12:00:00 AM,66307,0,0,66307,25773.44,-1783.43,,,40533.56,68090.43,3315.35,1095
Desktop,Ujjain,1/7/2022 12:00:00 AM,66307,0,0,66307,25773.44,-1783.43,,,40533.56,68090.43,3315.35,1095
Desktop,Patna,1/7/2022 12:00:00 AM,66307,0,0,66307,25773.44,-1783.43,,,40533.56,68090.43,3315.35,1095
Desktop,Agra 1,1/7/2022 12:00:00 AM,66307,0,0,66307,25773.44,-1783.43,,,40533.56,68090.43,3315.35,1095
Desktop,Agra 2,1/7/2022 12:00:00 AM,66307,0,0,66307,25773.44,-1783.43,,,40533.56,68090.43,3315.35,1095
Desktop,Mathura,1/7/2022 12:00:00 AM,66307,0,0,66307,25773.44,-1783.43,,,40533.56,68090.43,3315.35,1095
Desktop,Lucknow,1/7/2022 12:00:00 AM,66307,0,0,66307,25773.44,-1783.43,,,40533.56,68090.43,3315.35,1095
Desktop,Kanpur,1/7/2022 12:00:00 AM,66307,0,0,66307,25773.44,-1783.43,,,40533.56,68090.43,3315.35,1095
Desktop,Jaipur 2,1/7/2022 12:00:00 AM,66307,0,0,66307,25773.44,-1783.43,,,40533.56,68090.43,3315.35,1095
Desktop,Kota,1/7/2022 12:00:00 AM,66307,0,0,66307,25773.44,-1783.43,,,40533.56,68090.43,3315.35,1095
Desktop,Bikaner,1/7/2022 12:00:00 AM,66307,0,0,66307,25773.44,-1783.43,,,40533.56,68090.43,3315.35,1095
Desktop,Bundi,1/7/2022 12:00:00 AM,66307,0,0,66307,25773.44,-1783.43,,,40533.56,68090.43,3315.35,1095
Desktop,Delhi 2,1/19/2022 12:00:00 AM,66307,0,0,66307,25083.08,-1783.43,,,41223.92,68090.43,3315.35,1095
Desktop,Delhi,1/19/2022 12:00:00 AM,66307,0,0,66307,25083.08,-1783.43,,,41223.92,68090.43,3315.35,1095
Desktop,Indore 2,1/19/2022 12:00:00 AM,66307,0,0,66307,25083.08,-1783.43,,,41223.92,68090.43,3315.35,1095
Desktop,Indore 2,1/19/2022 12:00:00 AM,66307,0,0,66307,25083.08,-1783.43,,,41223.92,68090.43,3315.35,1095
Desktop,Dewas,1/19/2022 12:00:00 AM,66307,0,0,66307,25083.08,-1783.43,,,41223.92,68090.43,3315.35,1095
Desktop,Dewas,1/19/2022 12:00:00 AM,66307,0,0,66307,25083.08,-1783.43,,,41223.92,68090.43,3315.35,1095
Desktop,Pithampur,1/19/2022 12:00:00 AM,66307,0,0,66307,25083.08,-1783.43,,,41223.92,68090.43,3315.35,1095
Desktop,Pithampur,1/19/2022 12:00:00 AM,66307,0,0,66307,25083.08,-1783.43,,,41223.92,68090.43,3315.35,1095
Desktop,Gwalior,1/19/2022 12:00:00 AM,66307,0,0,66307,25083.08,-1783.43,,,41223.92,68090.43,3315.35,1095
Desktop,Gwalior,1/19/2022 12:00:00 AM,66307,0,0,66307,25083.08,-1783.43,,,41223.92,68090.43,3315.35,1095
Desktop,Gwalior,1/19/2022 12:00:00 AM,66307,0,0,66307,25083.08,-1783.43,,,41223.92,68090.43,3315.35,1095
Desktop,Chhindwara,1/19/2022 12:00:00 AM,66307,0,0,66307,25083.08,-1783.43,,,41223.92,68090.43,3315.35,1095
Desktop,Nagpur,1/19/2022 12:00:00 AM,66307,0,0,66307,25083.08,-1783.43,,,41223.92,68090.43,3315.35,1095
Desktop,Patna,1/19/2022 12:00:00 AM,66307,0,0,66307,25083.08,-1783.43,,,41223.92,68090.43,3315.35,1095
Desktop,Agra 1,1/19/2022 12:00:00 AM,66307,0,0,66307,25083.08,-1783.43,,,41223.92,68090.43,3315.35,1095
Desktop,Agra 2,1/19/2022 12:00:00 AM,66307,0,0,66307,25083.08,-1783.43,,,41223.92,68090.43,3315.35,1095
Desktop,Mathura,1/19/2022 12:00:00 AM,66307,0,0,66307,25083.08,-1783.43,,,41223.92,68090.43,3315.35,1095
Desktop,Jaipur 1,1/19/2022 12:00:00 AM,66307,0,0,66307,25083.08,-1783.43,,,41223.92,68090.43,3315.35,1095
Desktop,Chittorgarh,1/19/2022 12:00:00 AM,66307,0,0,66307,25083.08,-1783.43,,,41223.92,68090.43,3315.35,1095
Desktop,Bhilwara,1/19/2022 12:00:00 AM,66307,0,0,66307,25083.08,-1783.43,,,41223.92,68090.43,3315.35,1095
Desktop,Bikaner,1/19/2022 12:00:00 AM,66307,0,0,66307,25083.08,-1783.43,,,41223.92,68090.43,3315.35,1095
Desktop,Head Office,1/19/2022 12:00:00 AM,66307,0,0,66307,25083.08,-1783.43,,,41223.92,68090.43,3315.35,1095
Desktop,Delhi 2,5/24/2022 12:00:00 AM,72713,0,0,72713,19617.88,-1955.48,,,53095.12,74668.48,3635.65,1095
Desktop,Ujjain,5/24/2022 12:00:00 AM,72713,0,0,72713,19617.88,-1955.48,,,53095.12,74668.48,3635.65,1095
Desktop,Indore 1,5/24/2022 12:00:00 AM,72713,0,0,72713,19617.88,-1955.48,,,53095.12,74668.48,3635.65,1095
Desktop,Pithampur,5/24/2022 12:00:00 AM,72713,0,0,72713,19617.88,-1955.48,,,53095.12,74668.48,3635.65,1095
Desktop,Nagpur,5/24/2022 12:00:00 AM,72713,0,0,72713,19617.88,-1955.48,,,53095.12,74668.48,3635.65,1095
Desktop,Nagpur,5/24/2022 12:00:00 AM,72713,0,0,72713,19617.88,-1955.48,,,53095.12,74668.48,3635.65,1095
Desktop,Jaipur 1,5/24/2022 12:00:00 AM,72713,0,0,72713,19617.88,-1955.48,,,53095.12,74668.48,3635.65,1095
Desktop,Jaipur 1,5/24/2022 12:00:00 AM,72713,0,0,72713,19617.88,-1955.48,,,53095.12,74668.48,3635.65,1095
Desktop,Bhilwara,5/24/2022 12:00:00 AM,72713,0,0,72713,19617.88,-1955.48,,,53095.12,74668.48,3635.65,1095
Desktop,Bikaner,5/24/2022 12:00:00 AM,72713,0,0,72713,19617.88,-1955.48,,,53095.12,74668.48,3635.65,1095
Desktop,Ujjain,6/4/2022 12:00:00 AM,72713,0,0,72713,18924,-1955.48,,,53789,74668.48,3635.65,1095
Desktop,Ahmedabad,6/4/2022 12:00:00 AM,72713,0,0,72713,18924,-1955.48,,,53789,74668.48,3635.65,1095
Desktop,Patna,6/4/2022 12:00:00 AM,72713,0,0,72713,18924,-1955.48,,,53789,74668.48,3635.65,1095
Desktop,Varanasi,6/4/2022 12:00:00 AM,72713,0,0,72713,18924,-1955.48,,,53789,74668.48,3635.65,1095
Desktop,Head Office,6/4/2022 12:00:00 AM,72713,0,0,72713,18924,-1955.48,,,53789,74668.48,3635.65,1095
Desktop,Kota,6/4/2022 12:00:00 AM,72713,0,0,72713,18924,-1955.48,,,53789,74668.48,3635.65,1095
Desktop,Delhi 2,6/4/2022 12:00:00 AM,72713,0,0,72713,18924,-1955.48,,,53789,74668.48,3635.65,1095
Desktop,Ahmedabad,6/4/2022 12:00:00 AM,72713,0,0,72713,18924,-1955.48,,,53789,74668.48,3635.65,1095
Desktop,Indore 2,6/4/2022 12:00:00 AM,72713,0,0,72713,18924,-1955.48,,,53789,74668.48,3635.65,1095
Desktop,Agra 1,6/4/2022 12:00:00 AM,72713,0,0,72713,18924,-1955.48,,,53789,74668.48,3635.65,1095
Desktop,Sikar,8/5/2022 12:00:00 AM,72713,0,0,72713,15013.04,-1955.48,,,57699.96,74668.48,3635.65,1095
Desktop,Sikar,8/5/2022 12:00:00 AM,72713,0,0,72713,15013.04,-1955.48,,,57699.96,74668.48,3635.65,1095
Desktop,Sikar,8/5/2022 12:00:00 AM,72713,0,0,72713,15013.04,-1955.48,,,57699.96,74668.48,3635.65,1095
Desktop,Khandwa,8/5/2022 12:00:00 AM,72713,0,0,72713,15013.04,-1955.48,,,57699.96,74668.48,3635.65,1095
Desktop,Khandwa,8/5/2022 12:00:00 AM,72713,0,0,72713,15013.04,-1955.48,,,57699.96,74668.48,3635.65,1095
Desktop,Khandwa,8/5/2022 12:00:00 AM,72713,0,0,72713,15013.04,-1955.48,,,57699.96,74668.48,3635.65,1095
Desktop,Khargone,8/5/2022 12:00:00 AM,72713,0,0,72713,15013.04,-1955.48,,,57699.96,74668.48,3635.65,1095
Desktop,Khargone,8/5/2022 12:00:00 AM,72713,0,0,72713,15013.04,-1955.48,,,57699.96,74668.48,3635.65,1095
Desktop,Khargone,8/5/2022 12:00:00 AM,72713,0,0,72713,15013.04,-1955.48,,,57699.96,74668.48,3635.65,1095
Desktop,Aligarh,8/5/2022 12:00:00 AM,72713,0,0,72713,15013.04,-1955.48,,,57699.96,74668.48,3635.65,1095
Desktop,Aligarh,8/5/2022 12:00:00 AM,72713,0,0,72713,15013.04,-1955.48,,,57699.96,74668.48,3635.65,1095
Desktop,Aligarh,8/5/2022 12:00:00 AM,72713,0,0,72713,15013.04,-1955.48,,,57699.96,74668.48,3635.65,1095
Desktop,Himmatnagar,8/5/2022 12:00:00 AM,72713,0,0,72713,15013.04,-1955.48,,,57699.96,74668.48,3635.65,1095
Desktop,Himmatnagar,8/5/2022 12:00:00 AM,72713,0,0,72713,15013.04,-1955.48,,,57699.96,74668.48,3635.65,1095
Desktop,Himmatnagar,8/5/2022 12:00:00 AM,72713,0,0,72713,15013.04,-1955.48,,,57699.96,74668.48,3635.65,1095
Desktop,Palanpur,8/5/2022 12:00:00 AM,72713,0,0,72713,15013.04,-1955.48,,,57699.96,74668.48,3635.65,1095
Desktop,Palanpur,8/5/2022 12:00:00 AM,72713,0,0,72713,15013.04,-1955.48,,,57699.96,74668.48,3635.65,1095
Desktop,Palanpur,8/5/2022 12:00:00 AM,72713,0,0,72713,15013.04,-1955.48,,,57699.96,74668.48,3635.65,1095
Desktop,Udaipur,8/5/2022 12:00:00 AM,72713,0,0,72713,15013.04,-1955.48,,,57699.96,74668.48,3635.65,1095
Desktop,Udaipur,8/5/2022 12:00:00 AM,72713,0,0,72713,15013.04,-1955.48,,,57699.96,74668.48,3635.65,1095
Desktop,Udaipur,8/5/2022 12:00:00 AM,72713,0,0,72713,15013.04,-1955.48,,,57699.96,74668.48,3635.65,1095
Desktop,Bhopal,8/5/2022 12:00:00 AM,72713,0,0,72713,15013.04,-1955.48,,,57699.96,74668.48,3635.65,1095
Desktop,Bhopal,8/5/2022 12:00:00 AM,72713,0,0,72713,15013.04,-1955.48,,,57699.96,74668.48,3635.65,1095
Desktop,Bhopal,8/5/2022 12:00:00 AM,72713,0,0,72713,15013.04,-1955.48,,,57699.96,74668.48,3635.65,1095
Desktop,Moradabad,8/5/2022 12:00:00 AM,72713,0,0,72713,15013.04,-1955.48,,,57699.96,74668.48,3635.65,1095
Desktop,Moradabad,8/5/2022 12:00:00 AM,72713,0,0,72713,15013.04,-1955.48,,,57699.96,74668.48,3635.65,1095
Desktop,Moradabad,8/5/2022 12:00:00 AM,72713,0,0,72713,15013.04,-1955.48,,,57699.96,74668.48,3635.65,1095
Desktop,Jodhpur,8/5/2022 12:00:00 AM,72713,0,0,72713,15013.04,-1955.48,,,57699.96,74668.48,3635.65,1095
Desktop,Jodhpur,8/5/2022 12:00:00 AM,72713,0,0,72713,15013.04,-1955.48,,,57699.96,74668.48,3635.65,1095
Desktop,Jodhpur,8/5/2022 12:00:00 AM,72713,0,0,72713,15013.04,-1955.48,,,57699.96,74668.48,3635.65,1095
Desktop,Bhandara,8/5/2022 12:00:00 AM,72713,0,0,72713,15013.04,-1955.48,,,57699.96,74668.48,3635.65,1095
Desktop,Bhandara,8/5/2022 12:00:00 AM,72713,0,0,72713,15013.04,-1955.48,,,57699.96,74668.48,3635.65,1095
Desktop,Nagpur,8/5/2022 12:00:00 AM,72713,0,0,72713,15013.04,-1955.48,,,57699.96,74668.48,3635.65,1095
Desktop,Pune,8/5/2022 12:00:00 AM,72713,0,0,72713,15013.04,-1955.48,,,57699.96,74668.48,3635.65,1095
Desktop,Pune,8/5/2022 12:00:00 AM,72713,0,0,72713,15013.04,-1955.48,,,57699.96,74668.48,3635.65,1095
Desktop,Pune,8/5/2022 12:00:00 AM,72713,0,0,72713,15013.04,-1955.48,,,57699.96,74668.48,3635.65,1095
Desktop,Indore 2,11/10/2022 12:00:00 AM,71054,0,0,71054,8692.65,-1911.15,,,62361.35,72965.15,3552.7,1095
Desktop,Delhi 1,11/10/2022 12:00:00 AM,71054,0,0,71054,8692.65,-1911.15,,,62361.35,72965.15,3552.7,1095
Desktop,Delhi 2,11/10/2022 12:00:00 AM,71054,0,0,71054,8692.65,-1911.15,,,62361.35,72965.15,3552.7,1095
Desktop,Bhopal,11/10/2022 12:00:00 AM,71054,0,0,71054,8692.65,-1911.15,,,62361.35,72965.15,3552.7,1095
Desktop,Head Office,11/10/2022 12:00:00 AM,71054,0,0,71054,8692.65,-1911.15,,,62361.35,72965.15,3552.7,1095
Desktop,Head Office,11/10/2022 12:00:00 AM,71054,0,0,71054,8692.65,-1911.15,,,62361.35,72965.15,3552.7,1095
Desktop,Pune,11/10/2022 12:00:00 AM,71054,0,0,71054,8692.65,-1911.15,,,62361.35,72965.15,3552.7,1095
Desktop,Gwalior,11/10/2022 12:00:00 AM,71054,0,0,71054,8692.65,-1911.15,,,62361.35,72965.15,3552.7,1095
Desktop,Kanpur,11/10/2022 12:00:00 AM,71054,0,0,71054,8692.65,-1911.15,,,62361.35,72965.15,3552.7,1095
Desktop,Mathura,11/10/2022 12:00:00 AM,71054,0,0,71054,8692.65,-1911.15,,,62361.35,72965.15,3552.7,1095
Desktop,Delhi 1,11/10/2022 12:00:00 AM,71054,0,0,71054,8692.65,-1911.15,,,62361.35,72965.15,3552.7,1095
Desktop,Agra 2,11/10/2022 12:00:00 AM,71054,0,0,71054,8692.65,-1911.15,,,62361.35,72965.15,3552.7,1095
Desktop,Palanpur,11/10/2022 12:00:00 AM,71054,0,0,71054,8692.65,-1911.15,,,62361.35,72965.15,3552.7,1095
Desktop,BARAN,11/10/2022 12:00:00 AM,71054,0,0,71054,8692.65,-1911.15,,,62361.35,72965.15,3552.7,1095
Desktop,Bundi,11/10/2022 12:00:00 AM,71054,0,0,71054,8692.65,-1911.15,,,62361.35,72965.15,3552.7,1095
Desktop,Jaipur 1,11/10/2022 12:00:00 AM,71054,0,0,71054,8692.65,-1911.15,,,62361.35,72965.15,3552.7,1095
Desktop,Delhi 1,11/10/2022 12:00:00 AM,71054,0,0,71054,8692.65,-1911.15,,,62361.35,72965.15,3552.7,1095
Desktop,Lucknow,11/10/2022 12:00:00 AM,71054,0,0,71054,8692.65,-1911.15,,,62361.35,72965.15,3552.7,1095
Desktop,Indore 1,11/10/2022 12:00:00 AM,71054,0,0,71054,8692.65,-1911.15,,,62361.35,72965.15,3552.7,1095
Desktop,Bhilwara,11/10/2022 12:00:00 AM,71054,0,0,71054,8692.65,-1911.15,,,62361.35,72965.15,3552.7,1095
Desktop,Nagpur,11/10/2022 12:00:00 AM,71054,0,0,71054,8692.65,-1911.15,,,62361.35,72965.15,3552.7,1095
Desktop,Ahmedabad,11/10/2022 12:00:00 AM,71054,0,0,71054,8692.65,-1911.15,,,62361.35,72965.15,3552.7,1095
Desktop,Varanasi,11/10/2022 12:00:00 AM,71054,0,0,71054,8692.65,-1911.15,,,62361.35,72965.15,3552.7,1095
Desktop,Ahmedabad,11/10/2022 12:00:00 AM,71054,0,0,71054,8692.65,-1911.15,,,62361.35,72965.15,3552.7,1095
Desktop,Moradabad,11/10/2022 12:00:00 AM,71054,0,0,71054,8692.65,-1911.15,,,62361.35,72965.15,3552.7,1095
Desktop,Lucknow,11/10/2022 12:00:00 AM,71054,0,0,71054,8692.65,-1911.15,,,62361.35,72965.15,3552.7,1095
Desktop,Ahmedabad,11/10/2022 12:00:00 AM,71054,0,0,71054,8692.65,-1911.15,,,62361.35,72965.15,3552.7,1095
Desktop,Agra 2,11/10/2022 12:00:00 AM,71054,0,0,71054,8692.65,-1911.15,,,62361.35,72965.15,3552.7,1095
Desktop,Bahadurgarh,11/10/2022 12:00:00 AM,71054,3000,0,74054,8857.08,-1992.06,,,65196.92,76046.06,3702.7,1095
Desktop,Bahadurgarh,11/10/2022 12:00:00 AM,71054,3000,0,74054,8857.08,-1992.06,,,65196.92,76046.06,3702.7,1095
Desktop,Ratlam,11/10/2022 12:00:00 AM,71054,3000,0,74054,8857.08,-1992.06,,,65196.92,76046.06,3702.7,1095
Desktop,Bhandara,11/10/2022 12:00:00 AM,71054,3000,0,74054,8857.08,-1992.06,,,65196.92,76046.06,3702.7,1095
Desktop,Head Office,11/10/2022 12:00:00 AM,71054,3000,0,74054,8857.08,-1992.06,,,65196.92,76046.06,3702.7,1095
Desktop,Head Office,11/10/2022 12:00:00 AM,71054,3000,0,74054,8857.08,-1992.06,,,65196.92,76046.06,3702.7,1095
Desktop,Delhi 1,11/10/2022 12:00:00 AM,71054,3000,0,74054,8857.08,-1992.06,,,65196.92,76046.06,3702.7,1095
Desktop,Indore 2,11/10/2022 12:00:00 AM,71054,3000,0,74054,8857.08,-1992.06,,,65196.92,76046.06,3702.7,1095
Desktop,Varanasi,11/10/2022 12:00:00 AM,71054,3000,0,74054,8857.08,-1992.06,,,65196.92,76046.06,3702.7,1095
Desktop,Bundi,11/10/2022 12:00:00 AM,71054,3000,0,74054,8857.08,-1992.06,,,65196.92,76046.06,3702.7,1095
Desktop,Ujjain,11/10/2022 12:00:00 AM,71054,0,0,71054,8692.65,-1911.15,,,62361.35,72965.15,3552.7,1095
Desktop,Kota,11/10/2022 12:00:00 AM,71054,0,0,71054,8692.65,-1911.15,,,62361.35,72965.15,3552.7,1095
Desktop,Lucknow,11/10/2022 12:00:00 AM,71054,0,0,71054,8692.65,-1911.15,,,62361.35,72965.15,3552.7,1095
Desktop,Ghaziabad,11/10/2022 12:00:00 AM,71054,0,0,71054,8692.65,-1911.15,,,62361.35,72965.15,3552.7,1095
Desktop,Jaipur,11/10/2022 12:00:00 AM,71054,0,0,71054,8692.65,-1911.15,,,62361.35,72965.15,3552.7,1095
Desktop,Jaipur,11/10/2022 12:00:00 AM,71054,0,0,71054,8692.65,-1911.15,,,62361.35,72965.15,3552.7,1095
Desktop,Delhi 2,1/1/2020 12:00:00 AM,0,0,0,0,0,0,,,0,0,0,1095
Desktop,Delhi,1/1/2020 12:00:00 AM,0,0,0,0,0,0,,,0,0,0,1095
Desktop,Jaipur 1,1/1/2020 12:00:00 AM,0,0,0,0,0,0,,,0,0,0,1095
Desktop,Jaipur 1,1/1/2020 12:00:00 AM,0,0,0,0,0,0,,,0,0,0,1095
Desktop,Head Office,1/1/2020 12:00:00 AM,0,0,0,0,0,0,,,0,0,0,1095
Printer,Head Office,9/12/2015 12:00:00 AM,12000,0,0,12000,17231.25,-193.75,,,-5231.25,12193.75,600,1825
Printer,Jaipur,9/30/2015 12:00:00 AM,12600,0,0,12600,17967.84,-203.36,,,-5367.84,12803.36,630,1825
Printer,Delhi,10/13/2015 12:00:00 AM,12000,0,0,12000,17037.5,-193.75,,,-5037.5,12193.75,600,1825
Printer,Indore,10/13/2015 12:00:00 AM,12000,0,0,12000,17037.5,-193.75,,,-5037.5,12193.75,600,1825
Printer,Kota,11/23/2015 12:00:00 AM,12000,0,0,12000,16781.25,-193.75,,,-4781.25,12193.75,600,1825
Printer,Head Office,4/6/2016 12:00:00 AM,69100,0,0,69100,91723.5,-1115.07,,,-22623.5,70215.07,3455,1825
Printer,Ghaziabad,9/3/2016 12:00:00 AM,13020,0,0,13020,16272,-210.18,,,-3252,13230.18,651,1825
Printer,Head Office,9/3/2016 12:00:00 AM,13020,0,0,13020,16272,-210.18,,,-3252,13230.18,651,1825
Printer,Chittorgarh,9/7/2016 12:00:00 AM,12441,0,0,12441,15526.08,-200.88,,,-3085.08,12641.88,622.05,1825
Printer,Bhilwara,9/7/2016 12:00:00 AM,12441,0,0,12441,15526.08,-200.88,,,-3085.08,12641.88,622.05,1825
Printer,Head Office,9/20/2016 12:00:00 AM,13020,0,0,13020,16156.74,-210.18,,,-3136.74,13230.18,651,1825
Printer,Head Office,9/20/2016 12:00:00 AM,13020,0,0,13020,16156.74,-210.18,,,-3136.74,13230.18,651,1825
Printer,Pithampur,9/21/2016 12:00:00 AM,13020,0,0,13020,16149.96,-210.18,,,-3129.96,13230.18,651,1825
Printer,Bikaner,9/21/2016 12:00:00 AM,13020,0,0,13020,16149.96,-210.18,,,-3129.96,13230.18,651,1825
Printer,Nagpur,9/28/2016 12:00:00 AM,13020,0,0,13020,16102.5,-210.18,,,-3082.5,13230.18,651,1825
Printer,Patna,10/8/2016 12:00:00 AM,13020,0,0,13020,16034.7,-210.18,,,-3014.7,13230.18,651,1825
Printer,Head Office,10/26/2016 12:00:00 AM,15550,0,0,15550,18987.23,-250.79,,,-3437.23,15800.79,777.5,1825
Printer,Head Office,2/23/2017 12:00:00 AM,27700,0,0,27700,32113.34,-447.02,,,-4413.34,28147.02,1385,1825
Printer,Pali,5/5/2017 12:00:00 AM,13100,0,0,13100,14703.92,-211.42,,,-1603.92,13311.42,655,1825
Printer,Beawar,5/11/2017 12:00:00 AM,13100,0,0,13100,14663,-211.42,,,-1563,13311.42,655,1825
Printer,Mathura,5/31/2017 12:00:00 AM,13100,0,0,13100,14526.6,-211.42,,,-1426.6,13311.42,655,1825
Printer,Lucknow,5/31/2017 12:00:00 AM,13100,0,0,13100,14526.6,-211.42,,,-1426.6,13311.42,655,1825
Printer,Head Office,6/19/2017 12:00:00 AM,13400,0,0,13400,14734.78,-216.38,,,-1334.78,13616.38,670,1825
Printer,Ujjain,1/18/2018 12:00:00 AM,27600,0,0,27600,27274.26,-445.47,,,325.74,28045.47,1380,1825
Printer,Jaipur,1/18/2018 12:00:00 AM,27600,0,0,27600,27274.26,-445.47,,,325.74,28045.47,1380,1825
Printer,Head Office,2/15/2018 12:00:00 AM,13800,0,0,13800,13426.6,-222.58,,,373.4,14022.58,690,1825
Printer,Jaipur,6/6/2018 12:00:00 AM,14200,0,0,14200,12999.01,-229.09,,,1200.99,14429.09,710,1825
Printer,Bundi,6/12/2018 12:00:00 AM,14200,0,0,14200,12954.67,-229.09,,,1245.33,14429.09,710,1825
Printer,Jhalawar,6/21/2018 12:00:00 AM,14200,0,0,14200,12888.16,-229.09,,,1311.84,14429.09,710,1825
Printer,Ahmedabad,11/29/2018 12:00:00 AM,14400,0,0,14400,11872.5,-232.5,,,2527.5,14632.5,720,1825
Printer,Delhi,5/18/2019 12:00:00 AM,15000,0,0,15000,11035.53,-242.11,,,3964.47,15242.11,750,1825
Printer,Head Office,6/5/2019 12:00:00 AM,47200,0,0,47200,34275.15,-761.67,,,12924.85,47961.67,2360,1825
Printer,Agra 1,8/6/2019 12:00:00 AM,15000,0,0,15000,10410.73,-242.11,,,4589.27,15242.11,750,1825
Printer,Head Office,10/19/2019 12:00:00 AM,72000,0,0,72000,47187.32,-1161.88,,,24812.68,73161.88,3600,1825
Printer,Ratlam,12/14/2020 12:00:00 AM,16000,0,0,16000,6972.21,-258.23,,,9027.79,16258.23,800,1825
Printer,Indore,2/12/2021 12:00:00 AM,16200,0,0,16200,6550.11,-261.33,,,9649.89,16461.33,810,1825
Printer,Hanumangarh,10/4/2021 12:00:00 AM,18499,0,0,18499,5229.09,-298.53,,,13269.91,18797.53,924.95,1825
Printer,BARAN,10/4/2021 12:00:00 AM,18499,0,0,18499,5229.09,-298.53,,,13269.91,18797.53,924.95,1825
Printer,Rajsamand,10/5/2021 12:00:00 AM,18499,0,0,18499,5219.46,-298.53,,,13279.54,18797.53,924.95,1825
Printer,Mandsaur,10/6/2021 12:00:00 AM,18499,0,0,18499,5209.83,-298.53,,,13289.17,18797.53,924.95,1825
Printer,Chhindwara,10/6/2021 12:00:00 AM,18499,0,0,18499,5209.83,-298.53,,,13289.17,18797.53,924.95,1825
Printer,Rewari,10/13/2021 12:00:00 AM,18199,0,0,18199,5056.98,-293.57,,,13142.02,18492.57,909.95,1825
Printer,Varanasi,10/20/2021 12:00:00 AM,17999,0,0,17999,4937.99,-290.47,,,13061.01,18289.47,899.95,1825
Printer,Gorakhpur,10/21/2021 12:00:00 AM,17999,0,0,17999,4928.62,-290.47,,,13070.38,18289.47,899.95,1825
Printer,Agra 1,12/21/2021 12:00:00 AM,18399,0,0,18399,4454.7,-296.98,,,13944.3,18695.98,919.95,1825
Printer,Ujjain,2/28/2022 12:00:00 AM,20799,0,0,20799,4288.68,-335.73,,,16510.32,21134.73,1039.95,1825
Printer,Kanpur,4/18/2022 12:00:00 AM,20749,0,0,20749,3747.6,-334.8,,,17001.4,21083.8,1037.45,1825
Printer,Head Office,5/23/2022 12:00:00 AM,32000,0,0,32000,5197.92,-516.46,,,26802.08,32516.46,1600,1825
Printer,Gwalior,6/25/2022 12:00:00 AM,21200,0,0,21200,3080.16,-342.24,,,18119.84,21542.24,1060,1825
Printer,Dewas,6/29/2022 12:00:00 AM,20500,0,0,20500,2934.25,-330.77,,,17565.75,20830.77,1025,1825
Printer,Palanpur,7/30/2022 12:00:00 AM,20060,0,0,20060,2547.36,-323.64,,,17512.64,20383.64,1003,1825
Printer,Bhopal,7/30/2022 12:00:00 AM,20060,0,0,20060,2547.36,-323.64,,,17512.64,20383.64,1003,1825
Printer,Himmatnagar,7/30/2022 12:00:00 AM,20060,0,0,20060,2547.36,-323.64,,,17512.64,20383.64,1003,1825
Printer,Udaipur,7/30/2022 12:00:00 AM,20060,0,0,20060,2547.36,-323.64,,,17512.64,20383.64,1003,1825
Printer,Sikar,7/30/2022 12:00:00 AM,20060,0,0,20060,2547.36,-323.64,,,17512.64,20383.64,1003,1825
Printer,Khargone,7/30/2022 12:00:00 AM,20060,0,0,20060,2547.36,-323.64,,,17512.64,20383.64,1003,1825
Printer,Aligarh,7/30/2022 12:00:00 AM,20060,0,0,20060,2547.36,-323.64,,,17512.64,20383.64,1003,1825
Printer,Khandwa,7/30/2022 12:00:00 AM,20060,0,0,20060,2547.36,-323.64,,,17512.64,20383.64,1003,1825
Printer,Moradabad,7/30/2022 12:00:00 AM,20060,0,0,20060,2547.36,-323.64,,,17512.64,20383.64,1003,1825
Printer,Pune,7/30/2022 12:00:00 AM,20060,0,0,20060,2547.36,-323.64,,,17512.64,20383.64,1003,1825
Printer,Jodhpur,7/30/2022 12:00:00 AM,20060,0,0,20060,2547.36,-323.64,,,17512.64,20383.64,1003,1825
Printer,Nagpur,7/30/2022 12:00:00 AM,20060,0,0,20060,2547.36,-323.64,,,17512.64,20383.64,1003,1825
Printer,Head Office,1/1/2020 12:00:00 AM,0,0,0,0,0,0,,,0,0,0,1825
Printer,Head Office,1/1/2020 12:00:00 AM,0,0,0,0,0,0,,,0,0,0,1825
Printer,Head Office,1/1/2020 12:00:00 AM,0,0,0,0,0,0,,,0,0,0,1825
Printer,Ghaziabad,11/29/2022 12:00:00 AM,20060,0,0,20060,1273.68,-323.64,,,18786.32,20383.64,1003,1825
Printer,Kota,11/29/2022 12:00:00 AM,20060,0,0,20060,1273.68,-323.64,,,18786.32,20383.64,1003,1825
Printer,Head Office,11/29/2022 12:00:00 AM,20060,0,0,20060,1273.68,-323.64,,,18786.32,20383.64,1003,1825
Printer,Bahadurgarh,1/14/2023 12:00:00 AM,20060,0,0,20060,793.44,-323.64,,,19266.56,20383.64,1003,1825
Printer,Delhi,1/14/2023 12:00:00 AM,20060,0,0,20060,793.44,-323.64,,,19266.56,20383.64,1003,1825
Printer,Head Office,1/14/2023 12:00:00 AM,20060,0,0,20060,793.44,-323.64,,,19266.56,20383.64,1003,1825
Scanner,Delhi,8/3/2015 12:00:00 AM,20800,0,0,20800,30291.51,-335.73,,,-9491.51,21135.73,1040,1825
Scanner,Ujjain,9/12/2015 12:00:00 AM,20800,0,0,20800,29858.31,-335.73,,,-9058.31,21135.73,1040,1825
Scanner,Lucknow,9/12/2015 12:00:00 AM,23375,0,0,23375,33552.69,-377.27,,,-10177.69,23752.27,1168.75,1825
Scanner,Bhilwara,10/3/2015 12:00:00 AM,20800,0,0,20800,29630.88,-335.73,,,-8830.88,21135.73,1040,1825
Scanner,Kota,11/20/2015 12:00:00 AM,22891,0,0,22891,32040.96,-369.52,,,-9149.96,23260.52,1144.55,1825
Scanner,Bhilwara,1/7/2016 12:00:00 AM,22891,0,0,22891,31468.8,-369.52,,,-8577.8,23260.52,1144.55,1825
Scanner,Ghaziabad,9/3/2016 12:00:00 AM,23100,0,0,23100,28848,-372.62,,,-5748,23472.62,1155,1825
Scanner,Dewas,9/3/2016 12:00:00 AM,23100,0,0,23100,28848,-372.62,,,-5748,23472.62,1155,1825
Scanner,Chittorgarh,9/7/2016 12:00:00 AM,22891,0,0,22891,28560.32,-369.52,,,-5669.32,23260.52,1144.55,1825
Scanner,Head Office,9/20/2016 12:00:00 AM,23100,0,0,23100,28643.66,-372.62,,,-5543.66,23472.62,1155,1825
Scanner,Agra 1,9/20/2016 12:00:00 AM,23100,0,0,23100,28643.66,-372.62,,,-5543.66,23472.62,1155,1825
Scanner,Pithampur,9/21/2016 12:00:00 AM,23100,0,0,23100,28631.64,-372.62,,,-5531.64,23472.62,1155,1825
Scanner,Bikaner,9/21/2016 12:00:00 AM,23100,0,0,23100,28631.64,-372.62,,,-5531.64,23472.62,1155,1825
Scanner,Nagpur,9/28/2016 12:00:00 AM,23100,0,0,23100,28547.5,-372.62,,,-5447.5,23472.62,1155,1825
Scanner,Patna,10/8/2016 12:00:00 AM,23100,0,0,23100,28427.3,-372.62,,,-5327.3,23472.62,1155,1825
Scanner,Kanpur,5/5/2017 12:00:00 AM,27700,0,0,27700,31089.52,-447.02,,,-3389.52,28147.02,1385,1825
Scanner,Pali,5/5/2017 12:00:00 AM,27700,0,0,27700,31089.52,-447.02,,,-3389.52,28147.02,1385,1825
Scanner,Beawar,5/11/2017 12:00:00 AM,27700,0,0,27700,31003,-447.02,,,-3303,28147.02,1385,1825
Scanner,Indore,5/31/2017 12:00:00 AM,27700,0,0,27700,30714.6,-447.02,,,-3014.6,28147.02,1385,1825
Scanner,Mathura,6/9/2017 12:00:00 AM,28080,0,0,28080,31009.02,-453.22,,,-2929.02,28533.22,1404,1825
Scanner,Head Office,6/19/2017 12:00:00 AM,28080,0,0,28080,30862.82,-453.22,,,-2782.82,28533.22,1404,1825
Scanner,Ujjain,1/18/2018 12:00:00 AM,27300,0,0,27300,26970.58,-440.51,,,329.42,27740.51,1365,1825
Scanner,Jaipur,1/18/2018 12:00:00 AM,27300,0,0,27300,26970.58,-440.51,,,329.42,27740.51,1365,1825
Scanner,Head Office,2/16/2018 12:00:00 AM,27300,0,0,27300,26558.49,-440.51,,,741.51,27740.51,1365,1825
Scanner,Head Office,3/31/2018 12:00:00 AM,9676,0,0,9676,9203.04,-156.24,,,472.96,9832.24,483.8,1825
Scanner,Head Office,4/6/2018 12:00:00 AM,23010,0,0,23010,21803.6,-371.38,,,1206.4,23381.38,1150.5,1825
Scanner,Jaipur,6/6/2018 12:00:00 AM,26400,0,0,26400,24168.66,-425.94,,,2231.34,26825.94,1320,1825
Scanner,Bundi,6/12/2018 12:00:00 AM,26400,0,0,26400,24086.22,-425.94,,,2313.78,26825.94,1320,1825
Scanner,Head Office,6/12/2018 12:00:00 AM,26400,0,0,26400,24086.22,-425.94,,,2313.78,26825.94,1320,1825
Scanner,Jhalawar,6/21/2018 12:00:00 AM,26400,0,0,26400,23962.56,-425.94,,,2437.44,26825.94,1320,1825
Scanner,Ahmedabad,8/31/2018 12:00:00 AM,26400,0,0,26400,22987.02,-425.94,,,3412.98,26825.94,1320,1825
Scanner,Delhi,5/18/2019 12:00:00 AM,29500,0,0,29500,21703.68,-476.16,,,7796.32,29976.16,1475,1825
Scanner,Delhi 1,8/5/2019 12:00:00 AM,29500,0,0,29500,20490.24,-476.16,,,9009.76,29976.16,1475,1825
Scanner,Nagpur,8/5/2019 12:00:00 AM,29500,0,0,29500,20490.24,-476.16,,,9009.76,29976.16,1475,1825
Scanner,Agra 1,8/5/2019 12:00:00 AM,29500,0,0,29500,20490.24,-476.16,,,9009.76,29976.16,1475,1825
Scanner,Ratlam,12/14/2020 12:00:00 AM,28000,0,0,28000,12203.46,-451.98,,,15796.54,28451.98,1400,1825
Scanner,Indore,3/9/2021 12:00:00 AM,28000,0,0,28000,10964.16,-451.98,,,17035.84,28451.98,1400,1825
Scanner,Hanumangarh,10/4/2021 12:00:00 AM,28250,0,0,28250,7987.53,-456.01,,,20262.47,28706.01,1412.5,1825
Scanner,Rajsamand,10/5/2021 12:00:00 AM,28200,0,0,28200,7956.56,-455.08,,,20243.44,28655.08,1410,1825
Scanner,Mandsaur,10/6/2021 12:00:00 AM,28200,0,0,28200,7941.88,-455.08,,,20258.12,28655.08,1410,1825
Scanner,Chhindwara,10/6/2021 12:00:00 AM,28200,0,0,28200,7941.88,-455.08,,,20258.12,28655.08,1410,1825
Scanner,Varanasi,10/11/2021 12:00:00 AM,30000,0,0,30000,8372.32,-484.22,,,21627.68,30484.22,1500,1825
Scanner,Rewari,10/13/2021 12:00:00 AM,29900,0,0,29900,8309.04,-482.36,,,21590.96,30382.36,1495,1825
Scanner,BARAN,10/20/2021 12:00:00 AM,29550,0,0,29550,8105.26,-476.78,,,21444.74,30026.78,1477.5,1825
Scanner,Gorakhpur,10/21/2021 12:00:00 AM,29499,0,0,29499,8079.36,-476.16,,,21419.64,29975.16,1474.95,1825
Scanner,Indore,2/18/2022 12:00:00 AM,30000,0,0,30000,6341.72,-484.22,,,23658.28,30484.22,1500,1825
Scanner,Ghaziabad,5/4/2022 12:00:00 AM,29500,0,0,29500,5084.16,-476.16,,,24415.84,29976.16,1475,1825
Scanner,Delhi,5/4/2022 12:00:00 AM,29500,0,0,29500,5084.16,-476.16,,,24415.84,29976.16,1475,1825
Scanner,Agra 1,5/4/2022 12:00:00 AM,29500,0,0,29500,5084.16,-476.16,,,24415.84,29976.16,1475,1825
Scanner,Agra 1,5/4/2022 12:00:00 AM,29500,0,0,29500,5084.16,-476.16,,,24415.84,29976.16,1475,1825
Scanner,Mathura,5/4/2022 12:00:00 AM,29500,0,0,29500,5084.16,-476.16,,,24415.84,29976.16,1475,1825
Scanner,Head Office,5/4/2022 12:00:00 AM,29500,0,0,29500,5084.16,-476.16,,,24415.84,29976.16,1475,1825
Scanner,Gwalior,7/30/2022 12:00:00 AM,30090,0,0,30090,3821.04,-485.46,,,26268.96,30575.46,1504.5,1825
Scanner,Kota,7/30/2022 12:00:00 AM,30090,0,0,30090,3821.04,-485.46,,,26268.96,30575.46,1504.5,1825
Scanner,Sikar,7/30/2022 12:00:00 AM,30090,0,0,30090,3821.04,-485.46,,,26268.96,30575.46,1504.5,1825
Scanner,Aligarh,7/30/2022 12:00:00 AM,30090,0,0,30090,3821.04,-485.46,,,26268.96,30575.46,1504.5,1825
Scanner,Khandwa,7/30/2022 12:00:00 AM,30090,0,0,30090,3821.04,-485.46,,,26268.96,30575.46,1504.5,1825
Scanner,Udaipur,7/30/2022 12:00:00 AM,30090,0,0,30090,3821.04,-485.46,,,26268.96,30575.46,1504.5,1825
Scanner,Khargone,7/30/2022 12:00:00 AM,30090,0,0,30090,3821.04,-485.46,,,26268.96,30575.46,1504.5,1825
Scanner,Palanpur,7/30/2022 12:00:00 AM,30090,0,0,30090,3821.04,-485.46,,,26268.96,30575.46,1504.5,1825
Scanner,Jodhpur,7/30/2022 12:00:00 AM,30090,0,0,30090,3821.04,-485.46,,,26268.96,30575.46,1504.5,1825
Scanner,Pune,7/30/2022 12:00:00 AM,30090,0,0,30090,3821.04,-485.46,,,26268.96,30575.46,1504.5,1825
Scanner,Nagpur,7/30/2022 12:00:00 AM,30090,0,0,30090,3821.04,-485.46,,,26268.96,30575.46,1504.5,1825
Scanner,Indore,9/9/2022 12:00:00 AM,31000,0,0,31000,3276.42,-500.34,,,27723.58,31500.34,1550,1825
Scanner,Dewas,9/9/2022 12:00:00 AM,31000,0,0,31000,3276.42,-500.34,,,27723.58,31500.34,1550,1825
Scanner,Pithampur,9/9/2022 12:00:00 AM,31000,0,0,31000,3276.42,-500.34,,,27723.58,31500.34,1550,1825
Scanner,Ahmedabad,9/9/2022 12:00:00 AM,31000,0,0,31000,3276.42,-500.34,,,27723.58,31500.34,1550,1825
Scanner,Ahmedabad,9/9/2022 12:00:00 AM,31000,0,0,31000,3276.42,-500.34,,,27723.58,31500.34,1550,1825
Scanner,Mandsaur,9/9/2022 12:00:00 AM,31000,0,0,31000,3276.42,-500.34,,,27723.58,31500.34,1550,1825
Scanner,Chhindwara,9/9/2022 12:00:00 AM,31000,0,0,31000,3276.42,-500.34,,,27723.58,31500.34,1550,1825
Scanner,Bhopal,9/9/2022 12:00:00 AM,31000,0,0,31000,3276.42,-500.34,,,27723.58,31500.34,1550,1825
Scanner,Moradabad,9/9/2022 12:00:00 AM,31000,0,0,31000,3276.42,-500.34,,,27723.58,31500.34,1550,1825
Scanner,Himmatnagar,9/9/2022 12:00:00 AM,31000,0,0,31000,3276.42,-500.34,,,27723.58,31500.34,1550,1825
Scanner,Jaipur,10/18/2022 12:00:00 AM,31000,0,0,31000,2646.96,-500.34,,,28353.04,31500.34,1550,1825
Scanner,Jhalawar,10/18/2022 12:00:00 AM,31000,0,0,31000,2646.96,-500.34,,,28353.04,31500.34,1550,1825
Scanner,Hanumangarh,10/18/2022 12:00:00 AM,31000,0,0,31000,2646.96,-500.34,,,28353.04,31500.34,1550,1825
Scanner,Beawar,10/18/2022 12:00:00 AM,31000,0,0,31000,2646.96,-500.34,,,28353.04,31500.34,1550,1825
Scanner,Bundi,10/18/2022 12:00:00 AM,31000,0,0,31000,2646.96,-500.34,,,28353.04,31500.34,1550,1825
Scanner,BARAN,10/18/2022 12:00:00 AM,31000,0,0,31000,2646.96,-500.34,,,28353.04,31500.34,1550,1825
Scanner,Gwalior,10/18/2022 12:00:00 AM,31000,0,0,31000,2646.96,-500.34,,,28353.04,31500.34,1550,1825
Scanner,Kanpur,10/18/2022 12:00:00 AM,31000,0,0,31000,2646.96,-500.34,,,28353.04,31500.34,1550,1825
Scanner,Lucknow,10/18/2022 12:00:00 AM,31000,0,0,31000,2646.96,-500.34,,,28353.04,31500.34,1550,1825
Scanner,Ujjain,10/18/2022 12:00:00 AM,31000,0,0,31000,2646.96,-500.34,,,28353.04,31500.34,1550,1825
Scanner,Nagpur,7/30/2022 12:00:00 AM,30090,0,0,30090,3821.04,-485.46,,,26268.96,30575.46,1504.5,1825
Scanner,Aligarh,7/30/2022 12:00:00 AM,30090,0,0,30090,3821.04,-485.46,,,26268.96,30575.46,1504.5,1825
Scanner,Bahadurgarh,7/30/2022 12:00:00 AM,30090,0,0,30090,3821.04,-485.46,,,26268.96,30575.46,1504.5,1825
Scanner,Moradabad,7/30/2022 12:00:00 AM,30090,0,0,30090,3821.04,-485.46,,,26268.96,30575.46,1504.5,1825
Scanner,Head Office,1/14/2023 12:00:00 AM,30090,0,0,30090,1190.16,-485.46,,,28899.84,30575.46,1504.5,1825
Scanner,Head Office,1/14/2023 12:00:00 AM,30090,0,0,30090,1190.16,-485.46,,,28899.84,30575.46,1504.5,1825
Hard Disk Drive,Head Office,7/18/2018 12:00:00 AM,5900,0,0,5900,5271.19,-95.17,,,628.81,5995.17,295,1825
Hard Disk Drive,Head Office,7/22/2019 12:00:00 AM,5399,0,0,5399,3787.88,-87.11,,,1611.12,5486.11,269.95,1825
Hard Disk Drive,Head Office,11/29/2021 12:00:00 AM,5499,0,0,5499,1392.82,-88.66,,,4106.18,5587.66,274.95,1825
Switch,Head Office,1/13/2022 12:00:00 AM,20577,0,0,20577,4733.82,-332.01,,,15843.18,20909.01,1028.85,1825
Switch,Head Office,1/13/2022 12:00:00 AM,20577,0,0,20577,4733.82,-332.01,,,15843.18,20909.01,1028.85,1825
Switch,Head Office,1/13/2022 12:00:00 AM,20577,0,0,20577,4733.82,-332.01,,,15843.18,20909.01,1028.85,1825
Switch,Head Office,1/13/2022 12:00:00 AM,6213,0,0,6213,1427.66,-100.13,,,4785.34,6313.13,310.65,1825
Switch,Head Office,1/13/2022 12:00:00 AM,15399,0,0,15399,3544.84,-248.62,,,11854.16,15647.62,769.95,1825
Switch,Head Office,1/13/2022 12:00:00 AM,21076,0,0,21076,4848.74,-340.07,,,16227.26,21416.07,1053.8,1825
Firewall,Head Office,1/13/2022 12:00:00 AM,232100,0,0,232100,53402.44,-3745.42,,,178697.56,235845.42,11605,1825
Access Point,Head Office,1/13/2022 12:00:00 AM,32444,0,0,32444,7465.38,-523.59,,,24978.62,32967.59,1622.2,1825
Access Point,Head Office,1/13/2022 12:00:00 AM,32444,0,0,32444,7465.38,-523.59,,,24978.62,32967.59,1622.2,1825
Access Point,Head Office,1/13/2022 12:00:00 AM,32444,0,0,32444,7465.38,-523.59,,,24978.62,32967.59,1622.2,1825
Access Point,Head Office,1/13/2022 12:00:00 AM,32444,0,0,32444,7465.38,-523.59,,,24978.62,32967.59,1622.2,1825
Switch,Head Office,5/2/2022 12:00:00 AM,55460,0,0,55460,9613.71,-894.97,,,45846.29,56354.97,2773,1825
Hard Disk Drive,Head Office,5/31/2022 12:00:00 AM,5250,0,0,5250,829.92,-84.63,,,4420.08,5334.63,262.5,1825
Hard Disk Drive,Head Office,5/31/2022 12:00:00 AM,8500,0,0,8500,1343.68,-137.02,,,7156.32,8637.02,425,1825
Switch,Head Office,9/24/2022 12:00:00 AM,80830,0,0,80830,7911.04,-1304.48,,,72918.96,82134.48,4041.5,1825
Firewall,Head Office,9/24/2022 12:00:00 AM,212400,0,0,212400,20785.28,-3427.36,,,191614.72,215827.36,10620,1825
Access Point,Head Office,9/24/2022 12:00:00 AM,34515,0,0,34515,3378.36,-557.07,,,31136.64,35072.07,1725.75,1825
Access Point,Head Office,9/24/2022 12:00:00 AM,34515,0,0,34515,3378.36,-557.07,,,31136.64,35072.07,1725.75,1825
Switch,Ahmedabad,1/1/2020 12:00:00 AM,0,0,0,0,0,0,,,0,0,0,1825
Switch,Head Office,1/1/2020 12:00:00 AM,0,0,0,0,0,0,,,0,0,0,1825
Switch,Beawar,1/1/2020 12:00:00 AM,0,0,0,0,0,0,,,0,0,0,1825
Switch,Head Office,1/24/2022 12:00:00 AM,25887,0,0,25887,5809.88,-417.88,,,20077.12,26304.88,1294.35,1825
Switch,Head Office,1/24/2022 12:00:00 AM,25887,0,0,25887,5809.88,-417.88,,,20077.12,26304.88,1294.35,1825
Switch,Head Office,1/24/2022 12:00:00 AM,25887,0,0,25887,5809.88,-417.88,,,20077.12,26304.88,1294.35,1825
Switch,Head Office,1/24/2022 12:00:00 AM,25887,0,0,25887,5809.88,-417.88,,,20077.12,26304.88,1294.35,1825
Switch,Head Office,1/24/2022 12:00:00 AM,25887,0,0,25887,5809.88,-417.88,,,20077.12,26304.88,1294.35,1825
Switch,Head Office,3/10/2022 12:00:00 AM,50445,0,0,50445,10136.36,-814.06,,,40308.64,51259.06,2522.25,1825
Hard Disk Drive,Head Office,1/1/2020 12:00:00 AM,0,0,0,0,0,0,,,0,0,0,1825
Hard Disk Drive,Head Office,1/1/2020 12:00:00 AM,0,0,0,0,0,0,,,0,0,0,1825
Camera,Head Office,1/1/2020 12:00:00 AM,0,0,0,0,0,0,,,0,0,0,1825
NAS Box,Head Office,1/1/2020 12:00:00 AM,0,600,0,600,17.36,-9.61,,,582.64,609.61,30,1825
IBM System X 3650 M5,Head Office,1/1/2020 12:00:00 AM,0,0,0,0,0,0,,,0,0,0,1825
Cisco Switch DC,Head Office,1/1/2020 12:00:00 AM,0,0,0,0,0,0,,,0,0,0,1825
Scanner,Indore,2/17/2023 12:00:00 AM,31000,0,0,31000,677.88,-500.34,,,30322.12,31500.34,1550,1825
Scanner,Indore,2/17/2023 12:00:00 AM,31000,0,0,31000,677.88,-500.34,,,30322.12,31500.34,1550,1825
Scanner,Bhopal,2/17/2023 12:00:00 AM,31000,0,0,31000,677.88,-500.34,,,30322.12,31500.34,1550,1825
Desktop,Indore,11/10/2022 12:00:00 AM,71054,0,0,71054,,,,,,,3552.7,
Printer,Head Office,2/22/2023 12:00:00 AM,20060,0,0,20060,386.28,-323.64,,,19673.72,20383.64,1003,1825
Printer,Head Office,2/22/2023 12:00:00 AM,20060,0,0,20060,386.28,-323.64,,,19673.72,20383.64,1003,1825
Printer,Head Office,2/22/2023 12:00:00 AM,20060,0,0,20060,386.28,-323.64,,,19673.72,20383.64,1003,1825
Laptop,Head Office,7/15/2022 12:00:00 AM,215800,0,0,215800,29093.47,-3482.23,,,186706.53,219282.23,10790,1825
Desktop,Ahmedabad,2/3/2023 12:00:00 AM,71626,0,0,71626,3479.84,-1926.34,,,68146.16,73552.34,3581.3,1095
Desktop,Agra 1,2/3/2023 12:00:00 AM,71626,0,0,71626,3479.84,-1926.34,,,68146.16,73552.34,3581.3,1095
Desktop,Mathura,2/3/2023 12:00:00 AM,71626,0,0,71626,3479.84,-1926.34,,,68146.16,73552.34,3581.3,1095
Desktop,Lucknow,2/3/2023 12:00:00 AM,71626,0,0,71626,3479.84,-1926.34,,,68146.16,73552.34,3581.3,1095
Desktop,Kanpur,2/3/2023 12:00:00 AM,71626,0,0,71626,3479.84,-1926.34,,,68146.16,73552.34,3581.3,1095
Desktop,Kanpur,2/3/2023 12:00:00 AM,71626,0,0,71626,3479.84,-1926.34,,,68146.16,73552.34,3581.3,1095
Desktop,Jaipur 2,2/3/2023 12:00:00 AM,71626,0,0,71626,3479.84,-1926.34,,,68146.16,73552.34,3581.3,1095
Desktop,Kota,2/3/2023 12:00:00 AM,71626,0,0,71626,3479.84,-1926.34,,,68146.16,73552.34,3581.3,1095
Desktop,Pali,2/3/2023 12:00:00 AM,71626,0,0,71626,3479.84,-1926.34,,,68146.16,73552.34,3581.3,1095
Desktop,Pali,2/3/2023 12:00:00 AM,71626,0,0,71626,3479.84,-1926.34,,,68146.16,73552.34,3581.3,1095
Desktop,Beawar,2/3/2023 12:00:00 AM,71626,0,0,71626,3479.84,-1926.34,,,68146.16,73552.34,3581.3,1095
Desktop,Beawar,2/3/2023 12:00:00 AM,71626,0,0,71626,3479.84,-1926.34,,,68146.16,73552.34,3581.3,1095
Desktop,Bundi,2/3/2023 12:00:00 AM,71626,0,0,71626,3479.84,-1926.34,,,68146.16,73552.34,3581.3,1095
Desktop,Bundi,2/3/2023 12:00:00 AM,71626,0,0,71626,3479.84,-1926.34,,,68146.16,73552.34,3581.3,1095
Desktop,Jhalawar,2/3/2023 12:00:00 AM,71626,0,0,71626,3479.84,-1926.34,,,68146.16,73552.34,3581.3,1095
Desktop,Jhalawar,2/3/2023 12:00:00 AM,71626,0,0,71626,3479.84,-1926.34,,,68146.16,73552.34,3581.3,1095
Desktop,Head Office,2/3/2023 12:00:00 AM,71626,0,0,71626,3479.84,-1926.34,,,68146.16,73552.34,3581.3,1095
Desktop,Head Office,2/3/2023 12:00:00 AM,71626,0,0,71626,3479.84,-1926.34,,,68146.16,73552.34,3581.3,1095
Desktop,Head Office,2/3/2023 12:00:00 AM,71626,0,0,71626,3479.84,-1926.34,,,68146.16,73552.34,3581.3,1095
Desktop,Head Office,2/3/2023 12:00:00 AM,71626,0,0,71626,3479.84,-1926.34,,,68146.16,73552.34,3581.3,1095
Desktop,Head Office,2/3/2023 12:00:00 AM,71626,0,0,71626,3479.84,-1926.34,,,68146.16,73552.34,3581.3,1095
Desktop,Head Office,2/3/2023 12:00:00 AM,71626,0,0,71626,3479.84,-1926.34,,,68146.16,73552.34,3581.3,1095
Desktop,Head Office,2/3/2023 12:00:00 AM,71626,0,0,71626,3479.84,-1926.34,,,68146.16,73552.34,3581.3,1095
Desktop,Head Office,2/3/2023 12:00:00 AM,71626,0,0,71626,3479.84,-1926.34,,,68146.16,73552.34,3581.3,1095
Desktop,Head Office,2/3/2023 12:00:00 AM,71626,0,0,71626,3479.84,-1926.34,,,68146.16,73552.34,3581.3,1095
Desktop,Head Office,2/7/2023 12:00:00 AM,71626,0,0,71626,3231.28,-1926.34,,,68394.72,73552.34,3581.3,1095
Desktop,Head Office,2/7/2023 12:00:00 AM,71626,0,0,71626,3231.28,-1926.34,,,68394.72,73552.34,3581.3,1095
Desktop,Head Office,2/7/2023 12:00:00 AM,71626,0,0,71626,3231.28,-1926.34,,,68394.72,73552.34,3581.3,1095
Desktop,Head Office,2/7/2023 12:00:00 AM,71626,0,0,71626,3231.28,-1926.34,,,68394.72,73552.34,3581.3,1095
Desktop,Head Office,2/7/2023 12:00:00 AM,71626,0,0,71626,3231.28,-1926.34,,,68394.72,73552.34,3581.3,1095
Desktop,Head Office,2/7/2023 12:00:00 AM,71626,0,0,71626,3231.28,-1926.34,,,68394.72,73552.34,3581.3,1095
Desktop,Head Office,2/7/2023 12:00:00 AM,71626,0,0,71626,3231.28,-1926.34,,,68394.72,73552.34,3581.3,1095
Desktop,Head Office,2/7/2023 12:00:00 AM,71626,0,0,71626,3231.28,-1926.34,,,68394.72,73552.34,3581.3,1095
Desktop,Head Office,2/7/2023 12:00:00 AM,71626,0,0,71626,3231.28,-1926.34,,,68394.72,73552.34,3581.3,1095
Desktop,Head Office,2/7/2023 12:00:00 AM,71626,0,0,71626,3231.28,-1926.34,,,68394.72,73552.34,3581.3,1095
Desktop,Delhi 1,2/7/2023 12:00:00 AM,71626,3020,0,74646,3349.18,-2007.56,,,71296.82,76653.56,3732.3,1095
Desktop,Gorakhpur,2/7/2023 12:00:00 AM,71626,3020,0,74646,3349.18,-2007.56,,,71296.82,76653.56,3732.3,1095
Desktop,Head Office,2/7/2023 12:00:00 AM,71626,3020,0,74646,3349.18,-2007.56,,,71296.82,76653.56,3732.3,1095
Desktop,Head Office,2/7/2023 12:00:00 AM,71626,3020,0,74646,3349.18,-2007.56,,,71296.82,76653.56,3732.3,1095
Desktop,Head Office,2/7/2023 12:00:00 AM,71626,3020,0,74646,3349.18,-2007.56,,,71296.82,76653.56,3732.3,1095
Desktop,Head Office,2/7/2023 12:00:00 AM,71626,3020,0,74646,3349.18,-2007.56,,,71296.82,76653.56,3732.3,1095
Desktop,Head Office,2/7/2023 12:00:00 AM,71626,3020,0,74646,3349.18,-2007.56,,,71296.82,76653.56,3732.3,1095
Desktop,Head Office,2/7/2023 12:00:00 AM,71626,3020,0,74646,3349.18,-2007.56,,,71296.82,76653.56,3732.3,1095
Desktop,Head Office,2/7/2023 12:00:00 AM,71626,3020,0,74646,3349.18,-2007.56,,,71296.82,76653.56,3732.3,1095
Desktop,Head Office,2/7/2023 12:00:00 AM,71626,3020,0,74646,3349.18,-2007.56,,,71296.82,76653.56,3732.3,1095
Desktop,Head Office,2/7/2023 12:00:00 AM,71626,3020,0,74646,3349.18,-2007.56,,,71296.82,76653.56,3732.3,1095
Desktop,Head Office,2/7/2023 12:00:00 AM,71626,3020,0,74646,3349.18,-2007.56,,,71296.82,76653.56,3732.3,1095
Desktop,Head Office,2/7/2023 12:00:00 AM,71626,3020,0,74646,3349.18,-2007.56,,,71296.82,76653.56,3732.3,1095
Desktop,Head Office,2/7/2023 12:00:00 AM,71626,3020,0,74646,3349.18,-2007.56,,,71296.82,76653.56,3732.3,1095
Desktop,Head Office,2/7/2023 12:00:00 AM,71626,3020,0,74646,3349.18,-2007.56,,,71296.82,76653.56,3732.3,1095
